Unnamed: 0,adm1_en,adm1_pcode,adm2_en,adm2_pcode,adm3_en,adm3_pcode,adm4_en,adm4_pcode,brgy_total_area
0,Region I,PH010000000,Pangasinan,PH015500000,Dagupan City,PH015518000,Lomboy,PH015518016,1.0216
1,Region I,PH010000000,Pangasinan,PH015500000,Dagupan City,PH015518000,Tapuac,PH015518031,1.044
2,Region I,PH010000000,Pangasinan,PH015500000,Dagupan City,PH015518000,Pantal,PH015518022,3.2625
3,Region I,PH010000000,Pangasinan,PH015500000,Dagupan City,PH015518000,Barangay I (T. Bugallon),PH015518024,0.1814
4,Region III,PH030000000,Nueva Ecija,PH034900000,Palayan City,PH034919000,Imelda Valley,PH034919017,6.3369
5,Region III,PH030000000,Nueva Ecija,PH034900000,Palayan City,PH034919000,Malate (Pob.),PH034919010,2.7096
6,Region V,PH050000000,Albay,PH050500000,Legazpi City,PH050506000,Bgy. 45 - Dita (Bgy. 51),PH050506053,0.8428
7,Region V,PH050000000,Albay,PH050500000,Legazpi City,PH050506000,Bgy. 62 - Homapon (Bgy. 55),PH050506056,7.0818
8,Region V,PH050000000,Albay,PH050500000,Legazpi City,PH050506000,Bgy. 10 - Cabugao,PH050506072,0.0335
9,Region V,PH050000000,Albay,PH050500000,Legazpi City,PH050506000,Bgy. 23 - Imperial Court Subd. (Pob.),PH050506020,0.0621
10,Region V,PH050000000,Albay,PH050500000,Legazpi City,PH050506000,Bgy. 40 - Cruzada (Bgy. 52),PH050506051,1.4442
11,Region V,PH050000000,Albay,PH050500000,Legazpi City,PH050506000,Bgy. 25 - Lapu-lapu (Pob.),PH050506022,0.0607
12,Region V,PH050000000,Albay,PH050500000,Legazpi City,PH050506000,Bgy. 8 - Bagumbayan (Pob.),PH050506042,0.3669
13,Region V,PH050000000,Albay,PH050500000,Legazpi City,PH050506000,Bgy. 16 - Kawit-East Washington Drive (Pob.),PH050506012,0.487
14,Region V,PH050000000,Albay,PH050500000,Legazpi City,PH050506000,Bgy. 48 - Bagong Abre (Bgy. 42),PH050506003,1.267
15,Region V,PH050000000,Albay,PH050500000,Legazpi City,PH050506000,Bgy. 4 - Sagpon Pob. (Sagpon 1),PH050506038,0.1126
16,Region V,PH050000000,Albay,PH050500000,Legazpi City,PH050506000,Bgy. 11 - Maoyod Pob. (Bgy. 10 & 11),PH050506007,0.1751
17,Region V,PH050000000,Albay,PH050500000,Legazpi City,PH050506000,Bgy. 9 - Pinaric (Pob.),PH050506043,0.2623
18,Region VI,PH060000000,Iloilo,PH063000000,Iloilo City,PH063022000,Our Lady Of Fatima,PH063022084,0.1906
19,Region VI,PH060000000,Iloilo,PH063000000,Iloilo City,PH063022000,Kauswagan,PH063022081,0.0434
20,Region VI,PH060000000,Iloilo,PH063000000,Iloilo City,PH063022000,Abeto Mirasol Taft South (Quirino Abeto),PH063022178,0.544
21,Region VI,PH060000000,Iloilo,PH063000000,Iloilo City,PH063022000,Villa Anita,PH063022189,0.1176
22,Region VI,PH060000000,Iloilo,PH063000000,Iloilo City,PH063022000,Guzman-Jesena,PH063022064,0.8889
23,Region VI,PH060000000,Iloilo,PH063000000,Iloilo City,PH063022000,Camalig,PH063022033,0.5585
24,Region VI,PH060000000,Iloilo,PH063000000,Iloilo City,PH063022000,Katilingban,PH063022080,0.0484
25,Region VI,PH060000000,Iloilo,PH063000000,Iloilo City,PH063022000,Luna (Jaro),PH063022097,0.0387
26,Region VI,PH060000000,Iloilo,PH063000000,Iloilo City,PH063022000,San Jose (Jaro),PH063022154,0.038
27,Region VI,PH060000000,Iloilo,PH063000000,Iloilo City,PH063022000,Cubay,PH063022041,1.0505
28,Region VI,PH060000000,Iloilo,PH063000000,Iloilo City,PH063022000,Timawa Tanza II,PH063022186,0.0446
29,Region VI,PH060000000,Iloilo,PH063000000,Iloilo City,PH063022000,San Roque,PH063022161,0.0545
30,Region VI,PH060000000,Iloilo,PH063000000,Iloilo City,PH063022000,Bonifacio (Arevalo),PH063022023,0.3728
31,Region VI,PH060000000,Iloilo,PH063000000,Iloilo City,PH063022000,South Fundidor,PH063022060,0.7899
32,Region VI,PH060000000,Iloilo,PH063000000,Iloilo City,PH063022000,San Pedro (Jaro),PH063022159,0.0616
33,Region VI,PH060000000,Iloilo,PH063000000,Iloilo City,PH063022000,Tap-oc,PH063022181,0.0601
34,Region VI,PH060000000,Iloilo,PH063000000,Iloilo City,PH063022000,Balantang,PH063022011,1.9534
35,Region VI,PH060000000,Iloilo,PH063000000,Iloilo City,PH063022000,Mabolo-Delgado,PH063022043,0.0524
36,Region VI,PH060000000,Iloilo,PH063000000,Iloilo City,PH063022000,Tacas,PH063022177,3.6503
37,Region VI,PH060000000,Iloilo,PH063000000,Iloilo City,PH063022000,Navais,PH063022115,1.2421
38,Region VI,PH060000000,Iloilo,PH063000000,Iloilo City,PH063022000,Infante,PH063022071,0.0897
39,Region VI,PH060000000,Iloilo,PH063000000,Iloilo City,PH063022000,Veterans Village,PH063022188,0.2329
40,Region VI,PH060000000,Iloilo,PH063000000,Iloilo City,PH063022000,Desamparados,PH063022045,0.0271
41,Region VI,PH060000000,Iloilo,PH063000000,Iloilo City,PH063022000,Santo Niño Sur,PH063022168,0.9807
42,Region VI,PH060000000,Iloilo,PH063000000,Iloilo City,PH063022000,Hipodromo,PH063022069,0.0535
43,Region VI,PH060000000,Iloilo,PH063000000,Iloilo City,PH063022000,Santo Rosario-Duran,PH063022169,0.1146
44,Region VII,PH070000000,Cebu,PH072200000,Mandaue City,PH072230000,Tabok,PH072230023,1.3382
45,Region VII,PH070000000,Cebu,PH072200000,Mandaue City,PH072230000,Alang-alang,PH072230001,0.7962
46,Region VII,PH070000000,Cebu,PH072200000,Mandaue City,PH072230000,Jagobiao,PH072230014,1.2166
47,Region VII,PH070000000,Cebu,PH072200000,Mandaue City,PH072230000,Cambaro,PH072230006,0.4199
48,Region VII,PH070000000,Cebu,PH072200000,Mandaue City,PH072230000,Cubacub,PH072230011,0.6751
49,Region VII,PH070000000,Cebu,PH072200000,Mandaue City,PH072230000,Tawason,PH072230024,1.2288
50,Region VIII,PH080000000,Leyte,PH083700000,Tacloban City,PH083747000,Barangay 103-A (San Paglaum),PH083747022,9.3442
51,Region VIII,PH080000000,Leyte,PH083700000,Tacloban City,PH083747000,Barangay 39,PH083747063,0.0851
52,Region VIII,PH080000000,Leyte,PH083700000,Tacloban City,PH083747000,Barangay 90 (San Jose),PH083747123,0.0548
53,Region VIII,PH080000000,Leyte,PH083700000,Tacloban City,PH083747000,Barangay 95 (Caibaan),PH083747129,1.1056
54,Region VIII,PH080000000,Leyte,PH083700000,Tacloban City,PH083747000,Barangay 44-A,PH083747071,0.0425
55,Region VIII,PH080000000,Leyte,PH083700000,Tacloban City,PH083747000,Barangay 13,PH083747034,0.0174
56,Region VIII,PH080000000,Leyte,PH083700000,Tacloban City,PH083747000,Barangay 94 (Tigbao),PH083747128,0.9667
57,Region VIII,PH080000000,Leyte,PH083700000,Tacloban City,PH083747000,Barangay 26,PH083747048,0.0142
58,Region VIII,PH080000000,Leyte,PH083700000,Tacloban City,PH083747000,Barangay 22,PH083747044,0.0123
59,Region VIII,PH080000000,Leyte,PH083700000,Tacloban City,PH083747000,Barangay 99 (Diit),PH083747133,2.016
60,Region VIII,PH080000000,Leyte,PH083700000,Tacloban City,PH083747000,Barangay 43,PH083747067,0.0158
61,Region VIII,PH080000000,Leyte,PH083700000,Tacloban City,PH083747000,Barangay 49,PH083747076,0.14
62,Region VIII,PH080000000,Leyte,PH083700000,Tacloban City,PH083747000,Barangay 80 (Marasbaras),PH083747112,0.0913
63,Region VIII,PH080000000,Leyte,PH083700000,Tacloban City,PH083747000,Barangay 36,PH083747059,0.0131
64,Region VIII,PH080000000,Leyte,PH083700000,Tacloban City,PH083747000,Barangay 50,PH083747077,0.0627
65,Region VIII,PH080000000,Leyte,PH083700000,Tacloban City,PH083747000,Barangay 58,PH083747087,0.0293
66,Region VIII,PH080000000,Leyte,PH083700000,Tacloban City,PH083747000,Barangay 91 (Abucay),PH083747124,3.2724
67,Region VIII,PH080000000,Leyte,PH083700000,Tacloban City,PH083747000,Barangay 6,PH083747012,0.1151
68,Region VIII,PH080000000,Leyte,PH083700000,Tacloban City,PH083747000,Barangay 87,PH083747120,0.8421
69,Region VIII,PH080000000,Leyte,PH083700000,Tacloban City,PH083747000,Barangay 81 (Marasbaras),PH083747113,0.1492
70,Region VIII,PH080000000,Leyte,PH083700000,Tacloban City,PH083747000,Barangay 83-C (San Jose),PH083747151,0.2116
71,Region VIII,PH080000000,Leyte,PH083700000,Tacloban City,PH083747000,Barangay 38,PH083747062,0.0239
72,Region IX,PH090000000,Zamboanga del Sur,PH097300000,Zamboanga City,PH097332000,Barangay Zone II (Pob.),PH097332062,0.1521
73,Region IX,PH090000000,Zamboanga del Sur,PH097300000,Zamboanga City,PH097332000,Dulian (Upper Pasonanca),PH097332028,9.1151
74,Region IX,PH090000000,Zamboanga del Sur,PH097300000,Zamboanga City,PH097332000,Recodo,PH097332067,1.7317
75,Region IX,PH090000000,Zamboanga del Sur,PH097300000,Zamboanga City,PH097332000,Tumalutab,PH097332095,0.9609
76,Region IX,PH090000000,Zamboanga del Sur,PH097300000,Zamboanga City,PH097332000,Patalon,PH097332060,16.0204
77,Region IX,PH090000000,Zamboanga del Sur,PH097300000,Zamboanga City,PH097332000,Lamisahan,PH097332034,13.722
78,Region IX,PH090000000,Zamboanga del Sur,PH097300000,Zamboanga City,PH097332000,Unclaimed Area under Jurisdiction of Zamboanga City,PH097332902,59.6061
79,Region IX,PH090000000,Zamboanga del Sur,PH097300000,Zamboanga City,PH097332000,Dulian (Upper Bunguiao),PH097332027,35.3671
80,Region IX,PH090000000,Zamboanga del Sur,PH097300000,Zamboanga City,PH097332000,Pangapuyan,PH097332056,0.1883
81,Region IX,PH090000000,Zamboanga del Sur,PH097300000,Zamboanga City,PH097332000,Lumbangan,PH097332044,4.8957
82,Region IX,PH090000000,Zamboanga del Sur,PH097300000,Zamboanga City,PH097332000,Campo Islam,PH097332020,0.3046
83,Region IX,PH090000000,Zamboanga del Sur,PH097300000,Zamboanga City,PH097332000,Tulungatung,PH097332093,3.7107
84,Region X,PH100000000,Misamis Oriental,PH104300000,Cagayan de Oro City,PH104305000,Balubal,PH104305004,15.945
85,Region X,PH100000000,Misamis Oriental,PH104300000,Cagayan de Oro City,PH104305000,Agusan,PH104305001,6.2792
86,Region X,PH100000000,Misamis Oriental,PH104300000,Cagayan de Oro City,PH104305000,Baikingon,PH104305002,5.5726
87,Region X,PH100000000,Misamis Oriental,PH104300000,Cagayan de Oro City,PH104305000,Barangay 37 (Pob.),PH104305081,0.0302
88,Region X,PH100000000,Misamis Oriental,PH104300000,Cagayan de Oro City,PH104305000,Balulang,PH104305005,7.1885
89,Region X,PH100000000,Misamis Oriental,PH104300000,Cagayan de Oro City,PH104305000,Canito-an,PH104305043,9.3984
90,Region X,PH100000000,Misamis Oriental,PH104300000,Cagayan de Oro City,PH104305000,Barangay 1 (Pob.),PH104305073,0.0866
91,Region X,PH100000000,Misamis Oriental,PH104300000,Cagayan de Oro City,PH104305000,Barangay 40 (Pob.),PH104305032,0.1572
92,Region X,PH100000000,Misamis Oriental,PH104300000,Cagayan de Oro City,PH104305000,Barangay 31 (Pob.),PH104305078,0.2707
93,Region X,PH100000000,Misamis Oriental,PH104300000,Cagayan de Oro City,PH104305000,Barangay 8 (Pob.),PH104305034,0.0289
94,Region X,PH100000000,Misamis Oriental,PH104300000,Cagayan de Oro City,PH104305000,Macabalan,PH104305055,0.4044
95,Region XI,PH110000000,Davao del Sur,PH112400000,Davao City,PH112402000,Catigan,PH112402032,23.2927
96,Region XI,PH110000000,Davao del Sur,PH112400000,Davao City,PH112402000,Barangay 27-C (Pob.),PH112402160,0.3128
97,Region XI,PH110000000,Davao del Sur,PH112400000,Davao City,PH112402000,Manambulan,PH112402068,7.7238
98,Region XI,PH110000000,Davao del Sur,PH112400000,Davao City,PH112402000,Daliaon Plantation,PH112402041,10.4038
99,Region XI,PH110000000,Davao del Sur,PH112400000,Davao City,PH112402000,Malamba,PH112402067,102.9197
100,Region XI,PH110000000,Davao del Sur,PH112400000,Davao City,PH112402000,Barangay 32-D (Pob.),PH112402165,0.1536
101,Region XI,PH110000000,Davao del Sur,PH112400000,Davao City,PH112402000,Cawayan,PH112402033,8.5501
102,Region XI,PH110000000,Davao del Sur,PH112400000,Davao City,PH112402000,Tacunan,PH112402110,8.0289
103,Region XI,PH110000000,Davao del Sur,PH112400000,Davao City,PH112402000,Dalag,PH112402038,33.026
104,Region XI,PH110000000,Davao del Sur,PH112400000,Davao City,PH112402000,Barangay 2-A (Pob.),PH112402135,0.2119
105,Region XI,PH110000000,Davao del Sur,PH112400000,Davao City,PH112402000,Barangay 15-B (Pob.),PH112402148,0.3056
106,Region XI,PH110000000,Davao del Sur,PH112400000,Davao City,PH112402000,Sumimao,PH112402108,27.787
107,Region XI,PH110000000,Davao del Sur,PH112400000,Davao City,PH112402000,Camansi,PH112402028,3.5919
108,Region XI,PH110000000,Davao del Sur,PH112400000,Davao City,PH112402000,Paradise Embak,PH112402092,22.6126
109,Region XI,PH110000000,Davao del Sur,PH112400000,Davao City,PH112402000,Barangay 29-C (Pob.),PH112402162,0.1016
110,Region XI,PH110000000,Davao del Sur,PH112400000,Davao City,PH112402000,Lapu-lapu,PH112402186,0.6423
111,Region XI,PH110000000,Davao del Sur,PH112400000,Davao City,PH112402000,Talandang,PH112402115,13.2134
112,Region XI,PH110000000,Davao del Sur,PH112400000,Davao City,PH112402000,Santo Niño,PH112402193,1.5077
113,Region XI,PH110000000,Davao del Sur,PH112400000,Davao City,PH112402000,Catalunan Grande,PH112402030,16.0458
114,Region XI,PH110000000,Davao del Sur,PH112400000,Davao City,PH112402000,Buda,PH112402178,19.4714
115,Region XI,PH110000000,Davao del Sur,PH112400000,Davao City,PH112402000,Wilfredo Aquino,PH112402196,0.6745
116,Region XI,PH110000000,Davao del Sur,PH112400000,Davao City,PH112402000,Ilang,PH112402049,4.9212
117,Region XI,PH110000000,Davao del Sur,PH112400000,Davao City,PH112402000,Marilog,PH112402073,173.0525
118,Region XI,PH110000000,Davao del Sur,PH112400000,Davao City,PH112402000,San Isidro (Licanan),PH112402100,8.0747
119,Region XI,PH110000000,Davao del Sur,PH112400000,Davao City,PH112402000,Mulig,PH112402081,9.3236
120,Region XI,PH110000000,Davao del Sur,PH112400000,Davao City,PH112402000,Daliao,PH112402040,1.8976
121,Region XI,PH110000000,Davao del Sur,PH112400000,Davao City,PH112402000,Vicente Hizon Sr.,PH112402198,2.2045
122,Region XI,PH110000000,Davao del Sur,PH112400000,Davao City,PH112402000,Centro (San Juan),PH112402179,0.5183
123,Region XI,PH110000000,Davao del Sur,PH112400000,Davao City,PH112402000,Dumoy,PH112402043,5.4992
124,Region XI,PH110000000,Davao del Sur,PH112400000,Davao City,PH112402000,Acacia,PH112402001,11.7316
125,Region XI,PH110000000,Davao del Sur,PH112400000,Davao City,PH112402000,Barangay 4-A (Pob.),PH112402137,0.231
126,Region XI,PH110000000,Davao del Sur,PH112400000,Davao City,PH112402000,Barangay 7-A (Pob.),PH112402140,0.2006
127,National Capital Region,PH130000000,"NCR, Second District",PH137400000,City of Mandaluyong,PH137401000,Wack-wack Greenhills,PH137401027,2.8749
128,National Capital Region,PH130000000,"NCR, Second District",PH137400000,City of Mandaluyong,PH137401000,Daang Bakal,PH137401009,0.1731
129,National Capital Region,PH130000000,"NCR, Second District",PH137400000,City of Mandaluyong,PH137401000,Pleasant Hills,PH137401023,0.207
130,National Capital Region,PH130000000,"NCR, Second District",PH137400000,City of Mandaluyong,PH137401000,Barangka Ibaba,PH137401004,0.1599
131,National Capital Region,PH130000000,"NCR, Second District",PH137400000,City of Mandaluyong,PH137401000,Barangka Ilaya,PH137401005,0.4823
132,National Capital Region,PH130000000,"NCR, Second District",PH137400000,City of Mandaluyong,PH137401000,Pag-asa,PH137401021,0.1225
133,National Capital Region,PH130000000,"NCR, Third District",PH137500000,City of Navotas,PH137503000,Sipac-Almacen,PH137503001,0.2223
134,National Capital Region,PH130000000,"NCR, Third District",PH137500000,City of Navotas,PH137503000,Bagumbayan North,PH137503002,0.0676
135,National Capital Region,PH130000000,"NCR, Third District",PH137500000,City of Navotas,PH137503000,San Rafael Village,PH137503011,0.4287
136,National Capital Region,PH130000000,"NCR, Third District",PH137500000,City of Navotas,PH137503000,San Roque,PH137503012,0.3004
137,National Capital Region,PH130000000,"NCR, Fourth District",PH137600000,City of Muntinlupa,PH137603000,Alabang,PH137603001,3.944
138,National Capital Region,PH130000000,"NCR, Fourth District",PH137600000,City of Muntinlupa,PH137603000,Putatan,PH137603006,4.2887
139,Region I,PH010000000,Pangasinan,PH015500000,Dagupan City,PH015518000,Pogo Chico,PH015518025,0.4304
140,Region I,PH010000000,Pangasinan,PH015500000,Dagupan City,PH015518000,Barangay IV (Zamora),PH015518004,0.1034
141,Region I,PH010000000,Pangasinan,PH015500000,Dagupan City,PH015518000,Poblacion Oeste,PH015518023,0.6012
142,Region V,PH050000000,Albay,PH050500000,Legazpi City,PH050506000,Bgy. 49 - Bigaa (Bgy. 44),PH050506045,2.0332
143,Region V,PH050000000,Albay,PH050500000,Legazpi City,PH050506000,Bgy. 47 - Arimbay,PH050506001,1.076
144,Region V,PH050000000,Albay,PH050500000,Legazpi City,PH050506000,Bgy. 68 - San Francisco (Bgy. 62),PH050506065,6.3914
145,Region V,PH050000000,Albay,PH050500000,Legazpi City,PH050506000,Bgy. 37 - Bitano (Pob.),PH050506035,0.6045
146,Region V,PH050000000,Albay,PH050500000,Legazpi City,PH050506000,Bgy. 69 - Buenavista (Bgy.47),PH050506048,13.2367
147,Region V,PH050000000,Albay,PH050500000,Legazpi City,PH050506000,Bgy. 66 - Banquerohan (Bgy. 43),PH050506004,14.9492
148,Region V,PH050000000,Albay,PH050500000,Legazpi City,PH050506000,Bgy. 64 - Bagacay (Bgy. 41 Bagacay),PH050506002,3.774
149,Region V,PH050000000,Albay,PH050500000,Legazpi City,PH050506000,Bgy. 51 - Buyuan (Bgy. 49),PH050506049,3.9655
150,Region V,PH050000000,Albay,PH050500000,Legazpi City,PH050506000,Bgy. 44 - Pawa (Bgy. 61),PH050506062,2.7096
151,Region V,PH050000000,Albay,PH050500000,Legazpi City,PH050506000,Bgy. 52 - Matanag,PH050506071,2.0787
152,Region V,PH050000000,Albay,PH050500000,Legazpi City,PH050506000,Bgy. 18 - Cabagñan West (Pob.),PH050506017,0.4889
153,Region V,PH050000000,Albay,PH050500000,Legazpi City,PH050506000,Bgy. 50 - Padang (Bgy. 60),PH050506061,11.3811
154,Region V,PH050000000,Albay,PH050500000,Legazpi City,PH050506000,Bgy. 15 - Ilawod East Pob. (Ilawod 3),PH050506011,0.2601
155,Region VI,PH060000000,Iloilo,PH063000000,Iloilo City,PH063022000,Our Lady Of Lourdes,PH063022124,0.2331
156,Region VI,PH060000000,Iloilo,PH063000000,Iloilo City,PH063022000,"Libertad, Santa Isabel",PH063022091,0.0458
157,Region VI,PH060000000,Iloilo,PH063000000,Iloilo City,PH063022000,Railway,PH063022139,0.0664
158,Region VI,PH060000000,Iloilo,PH063000000,Iloilo City,PH063022000,North Fundidor,PH063022117,0.6989
159,Region VI,PH060000000,Iloilo,PH063000000,Iloilo City,PH063022000,Obrero-Lapuz,PH063022121,0.3138
160,Region VI,PH060000000,Iloilo,PH063000000,Iloilo City,PH063022000,Gloria,PH063022062,0.0235
161,Region VI,PH060000000,Iloilo,PH063000000,Iloilo City,PH063022000,Simon Ledesma,PH063022170,0.06
162,Region VI,PH060000000,Iloilo,PH063000000,Iloilo City,PH063022000,Lopez Jaena (Jaro),PH063022093,0.048
163,Region VI,PH060000000,Iloilo,PH063000000,Iloilo City,PH063022000,San Nicolas,PH063022157,0.1468
164,Region VI,PH060000000,Iloilo,PH063000000,Iloilo City,PH063022000,Jalandoni Estate-Lapuz,PH063022073,0.1296
165,Region VI,PH060000000,Iloilo,PH063000000,Iloilo City,PH063022000,Marcelo H. del Pilar,PH063022106,0.2982
166,Region VI,PH060000000,Iloilo,PH063000000,Iloilo City,PH063022000,So-oc,PH063022171,2.2546
167,Region VI,PH060000000,Iloilo,PH063000000,Iloilo City,PH063022000,Loboc-Lapuz,PH063022094,1.4025
168,Region VI,PH060000000,Iloilo,PH063000000,Iloilo City,PH063022000,Bolilao,PH063022021,0.3538
169,Region VI,PH060000000,Iloilo,PH063000000,Iloilo City,PH063022000,Alalasan Lapuz,PH063022005,0.0729
170,Region VI,PH060000000,Iloilo,PH063000000,Iloilo City,PH063022000,San Juan,PH063022156,0.3183
171,Region VI,PH060000000,Iloilo,PH063000000,Iloilo City,PH063022000,Tabuc Suba (La Paz),PH063022201,0.9401
172,Region VI,PH060000000,Iloilo,PH063000000,Iloilo City,PH063022000,Bonifacio Tanza,PH063022022,0.0428
173,Region VI,PH060000000,Iloilo,PH063000000,Iloilo City,PH063022000,Buhang Taft North,PH063022025,0.3304
174,Region VI,PH060000000,Iloilo,PH063000000,Iloilo City,PH063022000,Santa Cruz,PH063022001,0.5633
175,Region VI,PH060000000,Iloilo,PH063000000,Iloilo City,PH063022000,Rizal Palapala II,PH063022126,0.028
176,Region VI,PH060000000,Iloilo,PH063000000,Iloilo City,PH063022000,Rizal Estanzuela,PH063022137,0.0351
177,Region VII,PH070000000,Cebu,PH072200000,Mandaue City,PH072230000,Tingub,PH072230025,1.048
178,Region VII,PH070000000,Cebu,PH072200000,Mandaue City,PH072230000,Ibabao-Estancia,PH072230013,0.5616
179,Region VIII,PH080000000,Leyte,PH083700000,Tacloban City,PH083747000,Barangay 32,PH083747054,0.0147
180,Region VIII,PH080000000,Leyte,PH083700000,Tacloban City,PH083747000,Barangay 78 (Marasbaras),PH083747109,0.4664
181,Region VIII,PH080000000,Leyte,PH083700000,Tacloban City,PH083747000,Barangay 41,PH083747065,0.0134
182,Region VIII,PH080000000,Leyte,PH083700000,Tacloban City,PH083747000,Barangay 5-A,PH083747137,0.024
183,Region VIII,PH080000000,Leyte,PH083700000,Tacloban City,PH083747000,Barangay 82 (Marasbaras),PH083747114,0.5549
184,Region VIII,PH080000000,Leyte,PH083700000,Tacloban City,PH083747000,Barangay 62-B,PH083747149,0.1871
185,Region VIII,PH080000000,Leyte,PH083700000,Tacloban City,PH083747000,Barangay 98 (Camansinay),PH083747132,8.0852
186,Region VIII,PH080000000,Leyte,PH083700000,Tacloban City,PH083747000,Barangay 66,PH083747096,0.0667
187,Region VIII,PH080000000,Leyte,PH083700000,Tacloban City,PH083747000,Barangay 68,PH083747099,0.1196
188,Region VIII,PH080000000,Leyte,PH083700000,Tacloban City,PH083747000,Barangay 48-A,PH083747140,0.0238
189,Region VIII,PH080000000,Leyte,PH083700000,Tacloban City,PH083747000,Barangay 28,PH083747050,0.0157
190,Region VIII,PH080000000,Leyte,PH083700000,Tacloban City,PH083747000,Barangay 35,PH083747057,0.0085
191,Region VIII,PH080000000,Leyte,PH083700000,Tacloban City,PH083747000,Barangay 85 (San Jose),PH083747118,0.0695
192,Region VIII,PH080000000,Leyte,PH083700000,Tacloban City,PH083747000,Barangay 103 (Palanog),PH083747021,2.3857
193,Region VIII,PH080000000,Leyte,PH083700000,Tacloban City,PH083747000,Barangay 84 (San Jose),PH083747117,1.099
194,Region VIII,PH080000000,Leyte,PH083700000,Tacloban City,PH083747000,Barangay 5,PH083747011,0.0281
195,Region VIII,PH080000000,Leyte,PH083700000,Tacloban City,PH083747000,Barangay 79 (Marasbaras),PH083747110,0.241
196,Region VIII,PH080000000,Leyte,PH083700000,Tacloban City,PH083747000,Barangay 12 (Palanog Resettlement),PH083747032,0.8456
197,Region VIII,PH080000000,Leyte,PH083700000,Tacloban City,PH083747000,Barangay 18,PH083747039,0.0075
198,Region VIII,PH080000000,Leyte,PH083700000,Tacloban City,PH083747000,Barangay 48,PH083747075,0.0114
199,Region VIII,PH080000000,Leyte,PH083700000,Tacloban City,PH083747000,Barangay 52,PH083747081,0.0442
200,Region IX,PH090000000,Zamboanga del Sur,PH097300000,Zamboanga City,PH097332000,Malagutay,PH097332047,4.0673
201,Region IX,PH090000000,Zamboanga del Sur,PH097300000,Zamboanga City,PH097332000,Manicahan,PH097332051,8.8756
202,Region IX,PH090000000,Zamboanga del Sur,PH097300000,Zamboanga City,PH097332000,Barangay Zone I (Pob.),PH097332061,0.1809
203,Region IX,PH090000000,Zamboanga del Sur,PH097300000,Zamboanga City,PH097332000,Tigtabon,PH097332090,1.7881
204,Region IX,PH090000000,Zamboanga del Sur,PH097300000,Zamboanga City,PH097332000,Pasonanca Natural Park under Jurisdiction of Zamboanga City,PH097332901,141.3155
205,Region IX,PH090000000,Zamboanga del Sur,PH097300000,Zamboanga City,PH097332000,Sinunoc,PH097332080,8.7233
206,Region IX,PH090000000,Zamboanga del Sur,PH097300000,Zamboanga City,PH097332000,Lapakan,PH097332038,11.2316
207,Region IX,PH090000000,Zamboanga del Sur,PH097300000,Zamboanga City,PH097332000,Licomo,PH097332100,66.194
208,Region IX,PH090000000,Zamboanga del Sur,PH097300000,Zamboanga City,PH097332000,Tugbungan,PH097332092,3.1236
209,Region IX,PH090000000,Zamboanga del Sur,PH097300000,Zamboanga City,PH097332000,Vitali,PH097332097,112.9383
210,Region IX,PH090000000,Zamboanga del Sur,PH097300000,Zamboanga City,PH097332000,Tumitus,PH097332096,12.7632
211,Region IX,PH090000000,Zamboanga del Sur,PH097300000,Zamboanga City,PH097332000,Culianan,PH097332023,6.5941
212,Region IX,PH090000000,Zamboanga del Sur,PH097300000,Zamboanga City,PH097332000,Boalan,PH097332010,8.0571
213,Region IX,PH090000000,Zamboanga del Sur,PH097300000,Zamboanga City,PH097332000,San Jose Cawa-cawa,PH097332070,0.4467
214,Region X,PH100000000,Misamis Oriental,PH104300000,Cagayan de Oro City,PH104305000,Iponan,PH104305051,4.6719
215,Region X,PH100000000,Misamis Oriental,PH104300000,Cagayan de Oro City,PH104305000,Barangay 20 (Pob.),PH104305075,0.0224
216,Region X,PH100000000,Misamis Oriental,PH104300000,Cagayan de Oro City,PH104305000,Patag,PH104305061,2.919
217,Region X,PH100000000,Misamis Oriental,PH104300000,Cagayan de Oro City,PH104305000,Barangay 27 (Pob.),PH104305022,0.1334
218,Region X,PH100000000,Misamis Oriental,PH104300000,Cagayan de Oro City,PH104305000,Pagatpat,PH104305060,8.4191
219,Region X,PH100000000,Misamis Oriental,PH104300000,Cagayan de Oro City,PH104305000,Barangay 25 (Pob.),PH104305076,0.1372
220,Region X,PH100000000,Misamis Oriental,PH104300000,Cagayan de Oro City,PH104305000,Bonbon,PH104305040,0.802
221,Region X,PH100000000,Misamis Oriental,PH104300000,Cagayan de Oro City,PH104305000,Barangay 24 (Pob.),PH104305020,0.1713
222,Region X,PH100000000,Misamis Oriental,PH104300000,Cagayan de Oro City,PH104305000,Barangay 38 (Pob.),PH104305029,0.0375
223,Region X,PH100000000,Misamis Oriental,PH104300000,Cagayan de Oro City,PH104305000,Pagalungan,PH104305059,15.1431
224,Region X,PH100000000,Misamis Oriental,PH104300000,Cagayan de Oro City,PH104305000,Barangay 9 (Pob.),PH104305035,0.031
225,Region X,PH100000000,Misamis Oriental,PH104300000,Cagayan de Oro City,PH104305000,Dansolihon,PH104305047,42.437
226,Region X,PH100000000,Misamis Oriental,PH104300000,Cagayan de Oro City,PH104305000,Lumbia,PH104305054,38.5084
227,Region X,PH100000000,Misamis Oriental,PH104300000,Cagayan de Oro City,PH104305000,Barangay 28 (Pob.),PH104305023,0.0769
228,Region X,PH100000000,Misamis Oriental,PH104300000,Cagayan de Oro City,PH104305000,Barangay 21 (Pob.),PH104305017,0.0423
229,Region X,PH100000000,Misamis Oriental,PH104300000,Cagayan de Oro City,PH104305000,Tignapoloan,PH104305070,62.1196
230,Region XI,PH110000000,Davao del Sur,PH112400000,Davao City,PH112402000,Riverside,PH112402097,5.3055
231,Region XI,PH110000000,Davao del Sur,PH112400000,Davao City,PH112402000,Lamanan,PH112402053,19.5583
232,Region XI,PH110000000,Davao del Sur,PH112400000,Davao City,PH112402000,Cadalian,PH112402024,7.4796
233,Region XI,PH110000000,Davao del Sur,PH112400000,Davao City,PH112402000,Tamugan,PH112402120,11.6428
234,Region XI,PH110000000,Davao del Sur,PH112400000,Davao City,PH112402000,Langub,PH112402055,9.3777
235,Region XI,PH110000000,Davao del Sur,PH112400000,Davao City,PH112402000,Ula,PH112402129,10.0393
236,Region XI,PH110000000,Davao del Sur,PH112400000,Davao City,PH112402000,Pangyan,PH112402090,8.6083
237,Region XI,PH110000000,Davao del Sur,PH112400000,Davao City,PH112402000,Rafael Castillo,PH112402190,0.5081
238,Region XI,PH110000000,Davao del Sur,PH112400000,Davao City,PH112402000,Marapangi,PH112402072,6.483
239,Region XI,PH110000000,Davao del Sur,PH112400000,Davao City,PH112402000,Gatungan,PH112402047,7.6394
240,Region XI,PH110000000,Davao del Sur,PH112400000,Davao City,PH112402000,Wines,PH112402133,9.0071
241,Region XI,PH110000000,Davao del Sur,PH112400000,Davao City,PH112402000,Dalagdag,PH112402039,3.6065
242,Region XI,PH110000000,Davao del Sur,PH112400000,Davao City,PH112402000,Binugao,PH112402019,5.8794
243,Region XI,PH110000000,Davao del Sur,PH112400000,Davao City,PH112402000,Barangay 31-D (Pob.),PH112402164,0.1107
244,Region XI,PH110000000,Davao del Sur,PH112400000,Davao City,PH112402000,Barangay 26-C (Pob.),PH112402159,0.0806
245,Region XI,PH110000000,Davao del Sur,PH112400000,Davao City,PH112402000,Barangay 8-A (Pob.),PH112402141,0.9395
246,Region XI,PH110000000,Davao del Sur,PH112400000,Davao City,PH112402000,Bago Aplaya,PH112402176,2.6008
247,Region XI,PH110000000,Davao del Sur,PH112400000,Davao City,PH112402000,Barangay 10-A (Pob.),PH112402143,0.9651
248,Region XI,PH110000000,Davao del Sur,PH112400000,Davao City,PH112402000,Baliok,PH112402010,2.4423
249,Region XI,PH110000000,Davao del Sur,PH112400000,Davao City,PH112402000,Biao Joaquin,PH112402018,5.1565
250,Region XI,PH110000000,Davao del Sur,PH112400000,Davao City,PH112402000,Talomo (Pob.),PH112402116,6.5586
251,Region XI,PH110000000,Davao del Sur,PH112400000,Davao City,PH112402000,Subasta,PH112402107,11.8145
252,Region XI,PH110000000,Davao del Sur,PH112400000,Davao City,PH112402000,Barangay 11-B (Pob.),PH112402144,0.1376
253,Region XI,PH110000000,Davao del Sur,PH112400000,Davao City,PH112402000,Baracatan,PH112402013,10.6276
254,Region XI,PH110000000,Davao del Sur,PH112400000,Davao City,PH112402000,Crossing Bayabas,PH112402036,0.8443
255,Region XI,PH110000000,Davao del Sur,PH112400000,Davao City,PH112402000,Lumiad,PH112402060,26.6748
256,Region XI,PH110000000,Davao del Sur,PH112400000,Davao City,PH112402000,Barangay 40-D (Pob.),PH112402173,0.1287
257,Region XI,PH110000000,Davao del Sur,PH112400000,Davao City,PH112402000,Barangay 5-A (Pob.),PH112402138,0.3538
258,Region XI,PH110000000,Davao del Sur,PH112400000,Davao City,PH112402000,Matina Pangi,PH112402077,5.4165
259,Region XI,PH110000000,Davao del Sur,PH112400000,Davao City,PH112402000,Indangan,PH112402050,13.4951
260,National Capital Region,PH130000000,"NCR, Second District",PH137400000,City of Mandaluyong,PH137401000,Barangka Drive,PH137401003,0.2129
261,National Capital Region,PH130000000,"NCR, Second District",PH137400000,City of Mandaluyong,PH137401000,Malamig,PH137401016,0.3146
262,National Capital Region,PH130000000,"NCR, Second District",PH137400000,City of Mandaluyong,PH137401000,Hagdang Bato Libis,PH137401011,0.1446
263,National Capital Region,PH130000000,"NCR, Second District",PH137400000,City of Mandaluyong,PH137401000,Addition Hills,PH137401001,1.167
264,National Capital Region,PH130000000,"NCR, Second District",PH137400000,City of Mandaluyong,PH137401000,Buayang Bato,PH137401008,0.0827
265,National Capital Region,PH130000000,"NCR, Second District",PH137400000,City of Mandaluyong,PH137401000,Highway Hills,PH137401013,1.1577
266,National Capital Region,PH130000000,"NCR, Third District",PH137500000,City of Navotas,PH137503000,San Jose (Pob.),PH137503010,0.7083
267,National Capital Region,PH130000000,"NCR, Fourth District",PH137600000,City of Muntinlupa,PH137603000,Cupang,PH137603004,4.9155
268,National Capital Region,PH130000000,"NCR, Fourth District",PH137600000,City of Muntinlupa,PH137603000,Bayanan,PH137603002,0.9165
269,Region I,PH010000000,Pangasinan,PH015500000,Dagupan City,PH015518000,Calmay,PH015518010,1.2052
270,Region I,PH010000000,Pangasinan,PH015500000,Dagupan City,PH015518000,Barangay II (Nueva),PH015518003,0.1133
271,Region I,PH010000000,Pangasinan,PH015500000,Dagupan City,PH015518000,Caranglaan,PH015518012,1.1139
272,Region I,PH010000000,Pangasinan,PH015500000,Dagupan City,PH015518000,Bonuan Gueset,PH015518009,4.9603
273,Region III,PH030000000,Nueva Ecija,PH034900000,Palayan City,PH034919000,Doña Josefa,PH034919016,13.0375
274,Region III,PH030000000,Nueva Ecija,PH034900000,Palayan City,PH034919000,Popolon Pagas,PH034919021,5.6441
275,Region III,PH030000000,Nueva Ecija,PH034900000,Palayan City,PH034919000,Manacnac,PH034919006,3.1326
276,Region III,PH030000000,Nueva Ecija,PH034900000,Palayan City,PH034919000,Caballero,PH034919014,10.0619
277,Region III,PH030000000,Nueva Ecija,PH034900000,Palayan City,PH034919000,Langka,PH034919018,13.7074
278,Region III,PH030000000,Nueva Ecija,PH034900000,Palayan City,PH034919000,Bo. Militar (Fort Magsaysay),PH034919003,23.9489
279,Region III,PH030000000,Nueva Ecija,PH034900000,Palayan City,PH034919000,Ganaderia,PH034919004,0.4452
280,Region III,PH030000000,Nueva Ecija,PH034900000,Palayan City,PH034919000,Caimito,PH034919015,0.8784
281,Region III,PH030000000,Nueva Ecija,PH034900000,Palayan City,PH034919000,Aulo,PH034919001,10.2282
282,Region V,PH050000000,Albay,PH050500000,Legazpi City,PH050506000,Bgy. 43 - Tamaoyan (Bgy. 67),PH050506069,1.1053
283,Region V,PH050000000,Albay,PH050500000,Legazpi City,PH050506000,Bgy. 2 - Em's Barrio South (Pob.),PH050506016,0.3626
284,Region V,PH050000000,Albay,PH050500000,Legazpi City,PH050506000,Bgy. 70 - Cagbacong (Bgy. 50),PH050506050,13.8477
285,Region V,PH050000000,Albay,PH050500000,Legazpi City,PH050506000,Bgy. 13 - Ilawod West Pob. (Ilawod 1),PH050506009,0.0355
286,Region V,PH050000000,Albay,PH050500000,Legazpi City,PH050506000,Bgy. 63 - Mariawa (Bgy. 56),PH050506059,4.346
287,Region V,PH050000000,Albay,PH050500000,Legazpi City,PH050506000,Bgy. 29 - Sabang (Pob.),PH050506026,0.0482
288,Region V,PH050000000,Albay,PH050500000,Legazpi City,PH050506000,Bgy. 41 - Bogtong (Bgy. 45),PH050506046,1.3039
289,Region V,PH050000000,Albay,PH050500000,Legazpi City,PH050506000,Bgy. 26 - Dinagaan (Pob.),PH050506023,0.0451
290,Region V,PH050000000,Albay,PH050500000,Legazpi City,PH050506000,Bgy. 14 - Ilawod Pob. (Ilawod 2),PH050506010,0.0873
291,Region V,PH050000000,Albay,PH050500000,Legazpi City,PH050506000,Bgy. 39 - Bonot (Pob.),PH050506037,0.4738
292,Region V,PH050000000,Albay,PH050500000,Legazpi City,PH050506000,Bgy. 22 - Binanuahan East (Pob.),PH050506019,0.0763
293,Region VI,PH060000000,Iloilo,PH063000000,Iloilo City,PH063022000,North Baluarte,PH063022118,0.1259
294,Region VI,PH060000000,Iloilo,PH063000000,Iloilo City,PH063022000,Bantud,PH063022015,0.1261
295,Region VI,PH060000000,Iloilo,PH063000000,Iloilo City,PH063022000,Hibao-an Norte,PH063022152,0.88
296,Region VI,PH060000000,Iloilo,PH063000000,Iloilo City,PH063022000,Cuartero,PH063022040,0.2656
297,Region VI,PH060000000,Iloilo,PH063000000,Iloilo City,PH063022000,Monica Blumentritt,PH063022020,0.0626
298,Region VI,PH060000000,Iloilo,PH063000000,Iloilo City,PH063022000,Mohon,PH063022109,0.1506
299,Region VI,PH060000000,Iloilo,PH063000000,Iloilo City,PH063022000,Molo Boulevard,PH063022110,0.2428
300,Region VI,PH060000000,Iloilo,PH063000000,Iloilo City,PH063022000,San Antonio,PH063022149,0.2179
301,Region VI,PH060000000,Iloilo,PH063000000,Iloilo City,PH063022000,East Baluarte,PH063022052,0.0931
302,Region VI,PH060000000,Iloilo,PH063000000,Iloilo City,PH063022000,Rizal Ibarra,PH063022138,0.0291
303,Region VI,PH060000000,Iloilo,PH063000000,Iloilo City,PH063022000,Tabucan,PH063022176,0.3465
304,Region VI,PH060000000,Iloilo,PH063000000,Iloilo City,PH063022000,Tagbac,PH063022179,1.3724
305,Region VI,PH060000000,Iloilo,PH063000000,Iloilo City,PH063022000,Edganzon,PH063022054,0.1033
306,Region VI,PH060000000,Iloilo,PH063000000,Iloilo City,PH063022000,Libertad-Lapuz,PH063022092,0.0383
307,Region VI,PH060000000,Iloilo,PH063000000,Iloilo City,PH063022000,Progreso-Lapuz,PH063022132,0.2741
308,Region VI,PH060000000,Iloilo,PH063000000,Iloilo City,PH063022000,Laguda,PH063022085,0.0537
309,Region VI,PH060000000,Iloilo,PH063000000,Iloilo City,PH063022000,San Rafael,PH063022160,1.593
310,Region VI,PH060000000,Iloilo,PH063000000,Iloilo City,PH063022000,Quezon,PH063022134,0.1627
311,Region VI,PH060000000,Iloilo,PH063000000,Iloilo City,PH063022000,Cochero,PH063022035,0.0588
312,Region VI,PH060000000,Iloilo,PH063000000,Iloilo City,PH063022000,Caingin,PH063022029,0.2427
313,Region VI,PH060000000,Iloilo,PH063000000,Iloilo City,PH063022000,Yulo Drive,PH063022194,0.5085
314,Region VI,PH060000000,Iloilo,PH063000000,Iloilo City,PH063022000,Sambag,PH063022144,1.2658
315,Region VI,PH060000000,Iloilo,PH063000000,Iloilo City,PH063022000,Lopez Jaena Norte,PH063022095,0.1136
316,Region VI,PH060000000,Iloilo,PH063000000,Iloilo City,PH063022000,Santa Filomena,PH063022164,0.3493
317,Region VI,PH060000000,Iloilo,PH063000000,Iloilo City,PH063022000,San Pedro (Molo),PH063022158,0.2501
318,Region VI,PH060000000,Iloilo,PH063000000,Iloilo City,PH063022000,Kahirupan,PH063022197,0.0299
319,Region VI,PH060000000,Iloilo,PH063000000,Iloilo City,PH063022000,Nabitasan,PH063022114,0.795
320,Region VI,PH060000000,Iloilo,PH063000000,Iloilo City,PH063022000,Ticud (La Paz),PH063022183,1.1731
321,Region VI,PH060000000,Iloilo,PH063000000,Iloilo City,PH063022000,Burgos-Mabini-Plaza,PH063022099,0.2388
322,Region VI,PH060000000,Iloilo,PH063000000,Iloilo City,PH063022000,Jereos,PH063022077,0.177
323,Region VI,PH060000000,Iloilo,PH063000000,Iloilo City,PH063022000,Osmeña,PH063022123,0.0313
324,Region VI,PH060000000,Iloilo,PH063000000,Iloilo City,PH063022000,San Felix,PH063022150,0.0974
325,Region VI,PH060000000,Iloilo,PH063000000,Iloilo City,PH063022000,Ortiz,PH063022122,0.0962
326,Region VI,PH060000000,Iloilo,PH063000000,Iloilo City,PH063022000,Concepcion-Montes,PH063022038,0.2205
327,Region VI,PH060000000,Iloilo,PH063000000,Iloilo City,PH063022000,Pale Benedicto Rizal (Mandurriao),PH063022196,0.3526
328,Region VI,PH060000000,Iloilo,PH063000000,Iloilo City,PH063022000,Santo Niño Norte,PH063022167,0.1965
329,Region VI,PH060000000,Iloilo,PH063000000,Iloilo City,PH063022000,Taytay Zone II,PH063022182,0.0576
330,Region VII,PH070000000,Cebu,PH072200000,Mandaue City,PH072230000,Tipolo,PH072230026,2.2622
331,Region VII,PH070000000,Cebu,PH072200000,Mandaue City,PH072230000,Banilad,PH072230003,1.9829
332,Region VII,PH070000000,Cebu,PH072200000,Mandaue City,PH072230000,Casuntingan,PH072230009,0.7908
333,Region VIII,PH080000000,Leyte,PH083700000,Tacloban City,PH083747000,Barangay 36-A,PH083747138,0.0929
334,Region VIII,PH080000000,Leyte,PH083700000,Tacloban City,PH083747000,Barangay 23,PH083747045,0.0147
335,Region VIII,PH080000000,Leyte,PH083700000,Tacloban City,PH083747000,Barangay 89,PH083747122,0.8374
336,Region VIII,PH080000000,Leyte,PH083700000,Tacloban City,PH083747000,Barangay 66-A,PH083747097,0.0868
337,Region VIII,PH080000000,Leyte,PH083700000,Tacloban City,PH083747000,Barangay 43-A,PH083747068,0.0247
338,Region VIII,PH080000000,Leyte,PH083700000,Tacloban City,PH083747000,Barangay 110 (Utap),PH083747136,1.9405
339,Region VIII,PH080000000,Leyte,PH083700000,Tacloban City,PH083747000,Barangay 97 (Cabalawan),PH083747131,3.1459
340,Region VIII,PH080000000,Leyte,PH083700000,Tacloban City,PH083747000,Barangay 47,PH083747074,0.033
341,Region VIII,PH080000000,Leyte,PH083700000,Tacloban City,PH083747000,Barangay 104 (Salvacion),PH083747023,6.6152
342,Region VIII,PH080000000,Leyte,PH083700000,Tacloban City,PH083747000,Barangay 76,PH083747107,0.1054
343,Region VIII,PH080000000,Leyte,PH083700000,Tacloban City,PH083747000,Barangay 105 (Suhi),PH083747024,6.6585
344,Region VIII,PH080000000,Leyte,PH083700000,Tacloban City,PH083747000,Barangay 65,PH083747095,0.1021
345,Region VIII,PH080000000,Leyte,PH083700000,Tacloban City,PH083747000,Barangay 108 (Tagapuro),PH083747027,3.2562
346,Region VIII,PH080000000,Leyte,PH083700000,Tacloban City,PH083747000,Barangay 45,PH083747072,0.0363
347,Region VIII,PH080000000,Leyte,PH083700000,Tacloban City,PH083747000,Barangay 64,PH083747094,0.1367
348,Region VIII,PH080000000,Leyte,PH083700000,Tacloban City,PH083747000,Barangay 83 (San Jose),PH083747115,0.3515
349,Region VIII,PH080000000,Leyte,PH083700000,Tacloban City,PH083747000,Barangay 20,PH083747041,0.0289
350,Region VIII,PH080000000,Leyte,PH083700000,Tacloban City,PH083747000,Barangay 56,PH083747085,0.0534
351,Region VIII,PH080000000,Leyte,PH083700000,Tacloban City,PH083747000,Barangay 40,PH083747064,0.0114
352,Region VIII,PH080000000,Leyte,PH083700000,Tacloban City,PH083747000,Barangay 19,PH083747040,0.0158
353,Region VIII,PH080000000,Leyte,PH083700000,Tacloban City,PH083747000,Barangay 42,PH083747066,0.0186
354,Region VIII,PH080000000,Leyte,PH083700000,Tacloban City,PH083747000,Barangay 46,PH083747073,0.0175
355,Region VIII,PH080000000,Leyte,PH083700000,Tacloban City,PH083747000,Barangay 60-A,PH083747090,0.0356
356,Region VIII,PH080000000,Leyte,PH083700000,Tacloban City,PH083747000,Barangay 16,PH083747037,0.0109
357,Region VIII,PH080000000,Leyte,PH083700000,Tacloban City,PH083747000,Barangay 95-A (Caibaan),PH083747152,1.2295
358,Region VIII,PH080000000,Leyte,PH083700000,Tacloban City,PH083747000,Barangay 8,PH083747015,0.0153
359,Region VIII,PH080000000,Leyte,PH083700000,Tacloban City,PH083747000,Barangay 53,PH083747082,0.0258
360,Region VIII,PH080000000,Leyte,PH083700000,Tacloban City,PH083747000,Barangay 17,PH083747038,0.0214
361,Region VIII,PH080000000,Leyte,PH083700000,Tacloban City,PH083747000,Barangay 21,PH083747042,0.0169
362,Region VIII,PH080000000,Leyte,PH083700000,Tacloban City,PH083747000,Barangay 67,PH083747098,0.0756
363,Region IX,PH090000000,Zamboanga del Sur,PH097300000,Zamboanga City,PH097332000,Capisan,PH097332098,6.3114
364,Region IX,PH090000000,Zamboanga del Sur,PH097300000,Zamboanga City,PH097332000,Mangusu,PH097332050,15.1523
365,Region IX,PH090000000,Zamboanga del Sur,PH097300000,Zamboanga City,PH097332000,Latuan (Curuan),PH097332039,13.707
366,Region IX,PH090000000,Zamboanga del Sur,PH097300000,Zamboanga City,PH097332000,Barangay Zone IV (Pob.),PH097332064,0.3009
367,Region IX,PH090000000,Zamboanga del Sur,PH097300000,Zamboanga City,PH097332000,Sangali,PH097332073,10.1048
368,Region IX,PH090000000,Zamboanga del Sur,PH097300000,Zamboanga City,PH097332000,Santa Maria,PH097332076,3.8921
369,Region IX,PH090000000,Zamboanga del Sur,PH097300000,Zamboanga City,PH097332000,La Paz,PH097332032,60.512
370,Region IX,PH090000000,Zamboanga del Sur,PH097300000,Zamboanga City,PH097332000,Ayala,PH097332002,4.05
371,Region IX,PH090000000,Zamboanga del Sur,PH097300000,Zamboanga City,PH097332000,Camino Nuevo,PH097332099,0.7318
372,Region IX,PH090000000,Zamboanga del Sur,PH097300000,Zamboanga City,PH097332000,Tigbalabag,PH097332089,11.5262
373,Region IX,PH090000000,Zamboanga del Sur,PH097300000,Zamboanga City,PH097332000,Kasanyangan,PH097332101,1.3351
374,Region IX,PH090000000,Zamboanga del Sur,PH097300000,Zamboanga City,PH097332000,Mercedes,PH097332053,13.0426
375,Region IX,PH090000000,Zamboanga del Sur,PH097300000,Zamboanga City,PH097332000,San Jose Gusu,PH097332071,1.5021
376,Region IX,PH090000000,Zamboanga del Sur,PH097300000,Zamboanga City,PH097332000,Lanzones,PH097332037,9.2548
377,Region IX,PH090000000,Zamboanga del Sur,PH097300000,Zamboanga City,PH097332000,Talon-talon,PH097332085,8.1641
378,Region IX,PH090000000,Zamboanga del Sur,PH097300000,Zamboanga City,PH097332000,Watershed Area under Jurisdiction of Zamboanga City,PH097332904,79.6228
379,Region IX,PH090000000,Zamboanga del Sur,PH097300000,Zamboanga City,PH097332000,Arena Blanco,PH097332001,0.9406
380,Region IX,PH090000000,Zamboanga del Sur,PH097300000,Zamboanga City,PH097332000,Talabaan,PH097332083,8.1421
381,Region IX,PH090000000,Zamboanga del Sur,PH097300000,Zamboanga City,PH097332000,Tetuan,PH097332087,2.9987
382,Region IX,PH090000000,Zamboanga del Sur,PH097300000,Zamboanga City,PH097332000,Lumayang,PH097332043,7.4131
383,Region IX,PH090000000,Zamboanga del Sur,PH097300000,Zamboanga City,PH097332000,Canelar,PH097332021,1.059
384,Region IX,PH090000000,Zamboanga del Sur,PH097300000,Zamboanga City,PH097332000,Talisayan,PH097332084,11.4775
385,Region X,PH100000000,Misamis Oriental,PH104300000,Cagayan de Oro City,PH104305000,Tuburan,PH104305071,14.5714
386,Region X,PH100000000,Misamis Oriental,PH104300000,Cagayan de Oro City,PH104305000,Barangay 35 (Pob.),PH104305079,0.0436
387,Region X,PH100000000,Misamis Oriental,PH104300000,Cagayan de Oro City,PH104305000,Barangay 4 (Pob.),PH104305031,0.0278
388,Region X,PH100000000,Misamis Oriental,PH104300000,Cagayan de Oro City,PH104305000,Barangay 30 (Pob.),PH104305025,0.0579
389,Region X,PH100000000,Misamis Oriental,PH104300000,Cagayan de Oro City,PH104305000,Barangay 29 (Pob.),PH104305077,0.1896
390,Region X,PH100000000,Misamis Oriental,PH104300000,Cagayan de Oro City,PH104305000,Barangay 7 (Pob.),PH104305074,0.0722
391,Region X,PH100000000,Misamis Oriental,PH104300000,Cagayan de Oro City,PH104305000,Tagpangi,PH104305069,9.9956
392,Region X,PH100000000,Misamis Oriental,PH104300000,Cagayan de Oro City,PH104305000,Besigan,PH104305039,24.231
393,Region X,PH100000000,Misamis Oriental,PH104300000,Cagayan de Oro City,PH104305000,San Simon,PH104305065,6.6919
394,Region X,PH100000000,Misamis Oriental,PH104300000,Cagayan de Oro City,PH104305000,Barangay 15 (Pob.),PH104305011,0.124
395,Region X,PH100000000,Misamis Oriental,PH104300000,Cagayan de Oro City,PH104305000,Taglimao,PH104305068,8.6125
396,Region X,PH100000000,Misamis Oriental,PH104300000,Cagayan de Oro City,PH104305000,Barangay 3 (Pob.),PH104305024,0.0279
397,Region X,PH100000000,Misamis Oriental,PH104300000,Cagayan de Oro City,PH104305000,Lapasan,PH104305053,2.1651
398,Region X,PH100000000,Misamis Oriental,PH104300000,Cagayan de Oro City,PH104305000,Barangay 10 (Pob.),PH104305006,0.0532
399,Region XI,PH110000000,Davao del Sur,PH112400000,Davao City,PH112402000,Angalan,PH112402174,4.6088
400,Region XI,PH110000000,Davao del Sur,PH112400000,Davao City,PH112402000,Panalum,PH112402088,10.2785
401,Region XI,PH110000000,Davao del Sur,PH112400000,Davao City,PH112402000,Sirib,PH112402105,20.7203
402,Region XI,PH110000000,Davao del Sur,PH112400000,Davao City,PH112402000,Megkawayan,PH112402189,18.9326
403,Region XI,PH110000000,Davao del Sur,PH112400000,Davao City,PH112402000,Tawan-tawan,PH112402122,9.9831
404,Region XI,PH110000000,Davao del Sur,PH112400000,Davao City,PH112402000,Los Amigos,PH112402058,4.793
405,Region XI,PH110000000,Davao del Sur,PH112400000,Davao City,PH112402000,Balengaeng,PH112402009,4.4147
406,Region XI,PH110000000,Davao del Sur,PH112400000,Davao City,PH112402000,Barangay 33-D (Pob.),PH112402166,0.1141
407,Region XI,PH110000000,Davao del Sur,PH112400000,Davao City,PH112402000,Barangay 9-A (Pob.),PH112402142,0.7932
408,Region XI,PH110000000,Davao del Sur,PH112400000,Davao City,PH112402000,Gumalang,PH112402048,15.1174
409,Region XI,PH110000000,Davao del Sur,PH112400000,Davao City,PH112402000,Magtuod,PH112402063,8.3241
410,Region XI,PH110000000,Davao del Sur,PH112400000,Davao City,PH112402000,Cabantian,PH112402023,9.9051
411,Region XI,PH110000000,Davao del Sur,PH112400000,Davao City,PH112402000,Mount Apo National Park under Jurisdiction of Davao City,PH112402901,226.8714
412,Region XI,PH110000000,Davao del Sur,PH112400000,Davao City,PH112402000,Paquibato (Pob.),PH112402091,37.3487
413,Region XI,PH110000000,Davao del Sur,PH112400000,Davao City,PH112402000,Pandaitan,PH112402089,32.8952
414,Region XI,PH110000000,Davao del Sur,PH112400000,Davao City,PH112402000,Barangay 6-A (Pob.),PH112402139,0.1524
415,Region XI,PH110000000,Davao del Sur,PH112400000,Davao City,PH112402000,San Antonio,PH112402192,0.9665
416,Region XI,PH110000000,Davao del Sur,PH112400000,Davao City,PH112402000,Mintal,PH112402079,6.4593
417,Region XI,PH110000000,Davao del Sur,PH112400000,Davao City,PH112402000,Tambobong,PH112402119,12.4839
418,Region XI,PH110000000,Davao del Sur,PH112400000,Davao City,PH112402000,Communal,PH112402035,5.4777
419,Region XI,PH110000000,Davao del Sur,PH112400000,Davao City,PH112402000,Sibulan,PH112402102,17.1948
420,Region XI,PH110000000,Davao del Sur,PH112400000,Davao City,PH112402000,Suawan (Tuli),PH112402106,44.6619
421,Region XI,PH110000000,Davao del Sur,PH112400000,Davao City,PH112402000,Barangay 30-C (Pob.),PH112402163,0.2019
422,Region XI,PH110000000,Davao del Sur,PH112400000,Davao City,PH112402000,Barangay 39-D (Pob.),PH112402172,0.1385
423,Region XI,PH110000000,Davao del Sur,PH112400000,Davao City,PH112402000,Tibungco,PH112402124,7.7711
424,Region XI,PH110000000,Davao del Sur,PH112400000,Davao City,PH112402000,Biao Escuela,PH112402016,11.5732
425,Region XI,PH110000000,Davao del Sur,PH112400000,Davao City,PH112402000,Barangay 16-B (Pob.),PH112402149,0.0551
426,Region XI,PH110000000,Davao del Sur,PH112400000,Davao City,PH112402000,Bayabas,PH112402015,12.8183
427,Region XI,PH110000000,Davao del Sur,PH112400000,Davao City,PH112402000,Mahayag,PH112402064,7.6898
428,Region XI,PH110000000,Davao del Sur,PH112400000,Davao City,PH112402000,Toril (Pob.),PH112402126,1.5299
429,Region XI,PH110000000,Davao del Sur,PH112400000,Davao City,PH112402000,Barangay 34-D (Pob.),PH112402167,0.1896
430,Region XI,PH110000000,Davao del Sur,PH112400000,Davao City,PH112402000,Mandug,PH112402069,10.1824
431,Region XI,PH110000000,Davao del Sur,PH112400000,Davao City,PH112402000,Gov. Paciano Bangoy,PH112402181,0.8366
432,Region XI,PH110000000,Davao del Sur,PH112400000,Davao City,PH112402000,Manuel Guianga,PH112402070,10.0402
433,Region XI,PH110000000,Davao del Sur,PH112400000,Davao City,PH112402000,Salapawan,PH112402098,29.5693
434,Region XI,PH110000000,Davao del Sur,PH112400000,Davao City,PH112402000,Atan-Awe,PH112402004,2.8892
435,Region XI,PH110000000,Davao del Sur,PH112400000,Davao City,PH112402000,Bunawan (Pob.),PH112402022,7.0881
436,Region XI,PH110000000,Davao del Sur,PH112400000,Davao City,PH112402000,Barangay 36-D (Pob.),PH112402169,0.0638
437,Region XI,PH110000000,Davao del Sur,PH112400000,Davao City,PH112402000,Kilate,PH112402051,6.6873
438,National Capital Region,PH130000000,"NCR, Second District",PH137400000,City of Mandaluyong,PH137401000,Harapin Ang Bukas,PH137401012,0.0478
439,National Capital Region,PH130000000,"NCR, Second District",PH137400000,City of Mandaluyong,PH137401000,Vergara,PH137401026,0.1732
440,National Capital Region,PH130000000,"NCR, Second District",PH137400000,City of Mandaluyong,PH137401000,Mauway,PH137401017,0.6574
441,National Capital Region,PH130000000,"NCR, Fourth District",PH137600000,City of Muntinlupa,PH137603000,New Alabang Village,PH137603009,6.752
442,National Capital Region,PH130000000,"NCR, Fourth District",PH137600000,City of Muntinlupa,PH137603000,Sucat,PH137603007,2.6653
443,Region I,PH010000000,Pangasinan,PH015500000,Dagupan City,PH015518000,Pogo Grande,PH015518026,0.306
444,Region I,PH010000000,Pangasinan,PH015500000,Dagupan City,PH015518000,Tebeng,PH015518032,0.7862
445,Region I,PH010000000,Pangasinan,PH015500000,Dagupan City,PH015518000,Bonuan Binloc,PH015518007,3.843
446,Region I,PH010000000,Pangasinan,PH015500000,Dagupan City,PH015518000,Carael,PH015518011,2.0531
447,Region I,PH010000000,Pangasinan,PH015500000,Dagupan City,PH015518000,Salapingao,PH015518028,0.6883
448,Region I,PH010000000,Pangasinan,PH015500000,Dagupan City,PH015518000,Bolosan,PH015518006,1.1854
449,Region III,PH030000000,Nueva Ecija,PH034900000,Palayan City,PH034919000,Sapang Buho,PH034919011,1.9044
450,Region III,PH030000000,Nueva Ecija,PH034900000,Palayan City,PH034919000,Atate,PH034919013,6.1463
451,Region III,PH030000000,Nueva Ecija,PH034900000,Palayan City,PH034919000,Santolan,PH034919020,3.4839
452,Region V,PH050000000,Albay,PH050500000,Legazpi City,PH050506000,Bgy. 38 - Gogon (Bgy. 54),PH050506055,0.9027
453,Region V,PH050000000,Albay,PH050500000,Legazpi City,PH050506000,Bgy. 21 - Binanuahan West (Pob.),PH050506018,0.0459
454,Region V,PH050000000,Albay,PH050500000,Legazpi City,PH050506000,Bgy. 28 - Victory Village North (Pob.),PH050506025,0.0616
455,Region V,PH050000000,Albay,PH050500000,Legazpi City,PH050506000,Bgy. 24 - Rizal Street,PH050506073,0.1596
456,Region V,PH050000000,Albay,PH050500000,Legazpi City,PH050506000,Bgy. 46 - San Joaquin (Bgy. 64),PH050506066,0.6977
457,Region V,PH050000000,Albay,PH050500000,Legazpi City,PH050506000,Bgy. 20 - Cabagñan East (Pob.),PH050506021,0.105
458,Region V,PH050000000,Albay,PH050500000,Legazpi City,PH050506000,Bgy. 34 - Oro Site-Magallanes St. (Pob.),PH050506033,0.1448
459,Region V,PH050000000,Albay,PH050500000,Legazpi City,PH050506000,Bgy. 5 - Sagmin Pob. (Sagpon 2),PH050506039,0.053
460,Region V,PH050000000,Albay,PH050500000,Legazpi City,PH050506000,Bgy. 3 - Em's Barrio East (Pob.),PH050506027,0.0863
461,Region V,PH050000000,Albay,PH050500000,Legazpi City,PH050506000,Bgy. 67 - Bariis (Bgy. 46),PH050506044,15.8368
462,Region V,PH050000000,Albay,PH050500000,Legazpi City,PH050506000,Bgy. 19 - Cabagñan,PH050506015,0.1955
463,Region V,PH050000000,Albay,PH050500000,Legazpi City,PH050506000,Bgy. 60 - Lamba,PH050506077,2.312
464,Region V,PH050000000,Albay,PH050500000,Legazpi City,PH050506000,Bgy. 31 - Centro-Baybay (Pob.),PH050506030,0.0981
465,Region VI,PH060000000,Iloilo,PH063000000,Iloilo City,PH063022000,El 98 Castilla (Claudio Lopez),PH063022034,0.0161
466,Region VI,PH060000000,Iloilo,PH063000000,Iloilo City,PH063022000,Jalandoni-Wilson,PH063022074,0.0601
467,Region VI,PH060000000,Iloilo,PH063000000,Iloilo City,PH063022000,Sinikway (Bangkerohan Lapuz),PH063022014,0.081
468,Region VI,PH060000000,Iloilo,PH063000000,Iloilo City,PH063022000,Calahunan,PH063022030,1.6467
469,Region VI,PH060000000,Iloilo,PH063000000,Iloilo City,PH063022000,Buhang,PH063022024,1.3994
470,Region VI,PH060000000,Iloilo,PH063000000,Iloilo City,PH063022000,San Isidro (La Paz),PH063022199,0.4262
471,Region VI,PH060000000,Iloilo,PH063000000,Iloilo City,PH063022000,Tabuc Suba (Jaro),PH063022175,1.2941
472,Region VI,PH060000000,Iloilo,PH063000000,Iloilo City,PH063022000,North San Jose,PH063022119,0.1353
473,Region VI,PH060000000,Iloilo,PH063000000,Iloilo City,PH063022000,Montinola,PH063022112,0.1257
474,Region VI,PH060000000,Iloilo,PH063000000,Iloilo City,PH063022000,Dulonan,PH063022048,0.6855
475,Region VI,PH060000000,Iloilo,PH063000000,Iloilo City,PH063022000,Benedicto (Jaro),PH063022018,0.1725
476,Region VI,PH060000000,Iloilo,PH063000000,Iloilo City,PH063022000,Hinactacan,PH063022068,1.9748
477,Region VI,PH060000000,Iloilo,PH063000000,Iloilo City,PH063022000,Maria Cristina,PH063022108,0.0555
478,Region VI,PH060000000,Iloilo,PH063000000,Iloilo City,PH063022000,Rizal Palapala I,PH063022125,0.0201
479,Region VI,PH060000000,Iloilo,PH063000000,Iloilo City,PH063022000,Taal,PH063022174,0.3282
480,Region VI,PH060000000,Iloilo,PH063000000,Iloilo City,PH063022000,Mansaya-Lapuz,PH063022105,0.1597
481,Region VI,PH060000000,Iloilo,PH063000000,Iloilo City,PH063022000,M. V. Hechanova,PH063022098,0.8256
482,Region VI,PH060000000,Iloilo,PH063000000,Iloilo City,PH063022000,East Timawa,PH063022053,0.0647
483,Region VI,PH060000000,Iloilo,PH063000000,Iloilo City,PH063022000,Balabago,PH063022010,2.4307
484,Region VI,PH060000000,Iloilo,PH063000000,Iloilo City,PH063022000,Nonoy,PH063022116,0.0771
485,Region VI,PH060000000,Iloilo,PH063000000,Iloilo City,PH063022000,Kasingkasing,PH063022079,0.0777
486,Region VI,PH060000000,Iloilo,PH063000000,Iloilo City,PH063022000,Tanza-Esperanza,PH063022055,0.0561
487,Region VI,PH060000000,Iloilo,PH063000000,Iloilo City,PH063022000,Danao,PH063022042,0.1989
488,Region VI,PH060000000,Iloilo,PH063000000,Iloilo City,PH063022000,PHHC Block 17,PH063022127,0.137
489,Region VI,PH060000000,Iloilo,PH063000000,Iloilo City,PH063022000,Ungka,PH063022187,0.7416
490,Region VI,PH060000000,Iloilo,PH063000000,Iloilo City,PH063022000,Gustilo,PH063022063,0.1149
491,Region VI,PH060000000,Iloilo,PH063000000,Iloilo City,PH063022000,San Agustin,PH063022148,0.189
492,Region VI,PH060000000,Iloilo,PH063000000,Iloilo City,PH063022000,San Jose (Arevalo),PH063022155,0.6191
493,Region VI,PH060000000,Iloilo,PH063000000,Iloilo City,PH063022000,Santa Rosa,PH063022165,0.3812
494,Region VI,PH060000000,Iloilo,PH063000000,Iloilo City,PH063022000,Calumpang,PH063022032,0.8811
495,Region VI,PH060000000,Iloilo,PH063000000,Iloilo City,PH063022000,Baldoza,PH063022012,0.3225
496,Region VI,PH060000000,Iloilo,PH063000000,Iloilo City,PH063022000,President Roxas,PH063022131,0.1974
497,Region VI,PH060000000,Iloilo,PH063000000,Iloilo City,PH063022000,Magsaysay,PH063022102,0.0723
498,Region VI,PH060000000,Iloilo,PH063000000,Iloilo City,PH063022000,South Baluarte,PH063022172,0.0967
499,Region VII,PH070000000,Cebu,PH072200000,Mandaue City,PH072230000,Umapad,PH072230027,2.1302
500,Region VII,PH070000000,Cebu,PH072200000,Mandaue City,PH072230000,Casili,PH072230008,0.389
501,Region VII,PH070000000,Cebu,PH072200000,Mandaue City,PH072230000,Subangdaku,PH072230022,2.1616
502,Region VIII,PH080000000,Leyte,PH083700000,Tacloban City,PH083747000,Barangay 83-B,PH083747150,0.5859
503,Region VIII,PH080000000,Leyte,PH083700000,Tacloban City,PH083747000,Barangay 100 (San Roque),PH083747018,6.8295
504,Region VIII,PH080000000,Leyte,PH083700000,Tacloban City,PH083747000,Barangay 86,PH083747119,0.1183
505,Region VIII,PH080000000,Leyte,PH083700000,Tacloban City,PH083747000,Barangay 34,PH083747056,0.0144
506,Region VIII,PH080000000,Leyte,PH083700000,Tacloban City,PH083747000,Barangay 29,PH083747051,0.0138
507,Region VIII,PH080000000,Leyte,PH083700000,Tacloban City,PH083747000,Barangay 33,PH083747055,0.0137
508,Region VIII,PH080000000,Leyte,PH083700000,Tacloban City,PH083747000,Barangay 73,PH083747104,0.0492
509,Region VIII,PH080000000,Leyte,PH083700000,Tacloban City,PH083747000,Barangay 101 (New Kawayan),PH083747019,1.4205
510,Region VIII,PH080000000,Leyte,PH083700000,Tacloban City,PH083747000,Barangay 69,PH083747100,0.3783
511,Region VIII,PH080000000,Leyte,PH083700000,Tacloban City,PH083747000,Barangay 42-A,PH083747139,0.0374
512,Region VIII,PH080000000,Leyte,PH083700000,Tacloban City,PH083747000,Barangay 92 (Apitong),PH083747125,1.3514
513,Region VIII,PH080000000,Leyte,PH083700000,Tacloban City,PH083747000,Barangay 50-B,PH083747079,0.2218
514,Region VIII,PH080000000,Leyte,PH083700000,Tacloban City,PH083747000,Libertad (Barangays 1 & 4),PH083747010,0.3734
515,Region VIII,PH080000000,Leyte,PH083700000,Tacloban City,PH083747000,Barangay 93 (Bagacay),PH083747127,3.5774
516,Region VIII,PH080000000,Leyte,PH083700000,Tacloban City,PH083747000,El Reposo (Barangays 55 & 55A),PH083747084,0.089
517,Region VIII,PH080000000,Leyte,PH083700000,Tacloban City,PH083747000,Barangay 31,PH083747053,0.0183
518,Region VIII,PH080000000,Leyte,PH083700000,Tacloban City,PH083747000,Barangay 14,PH083747035,0.0219
519,Region VIII,PH080000000,Leyte,PH083700000,Tacloban City,PH083747000,Barangay 6-A,PH083747013,0.0384
520,Region VIII,PH080000000,Leyte,PH083700000,Tacloban City,PH083747000,Barangay 21-A,PH083747043,0.0086
521,Region VIII,PH080000000,Leyte,PH083700000,Tacloban City,PH083747000,Barangay 24,PH083747046,0.0244
522,Region IX,PH090000000,Zamboanga del Sur,PH097300000,Zamboanga City,PH097332000,Landang Gua,PH097332035,13.3006
523,Region IX,PH090000000,Zamboanga del Sur,PH097300000,Zamboanga City,PH097332000,Guiwan,PH097332031,1.4109
524,Region IX,PH090000000,Zamboanga del Sur,PH097300000,Zamboanga City,PH097332000,Cacao,PH097332017,7.5957
525,Region IX,PH090000000,Zamboanga del Sur,PH097300000,Zamboanga City,PH097332000,Maasin,PH097332046,4.4766
526,Region IX,PH090000000,Zamboanga del Sur,PH097300000,Zamboanga City,PH097332000,Calarian,PH097332019,3.8529
527,Region IX,PH090000000,Zamboanga del Sur,PH097300000,Zamboanga City,PH097332000,Baliwasan,PH097332004,1.273
528,Region IX,PH090000000,Zamboanga del Sur,PH097300000,Zamboanga City,PH097332000,Mariki,PH097332052,1.2567
529,Region IX,PH090000000,Zamboanga del Sur,PH097300000,Zamboanga City,PH097332000,Pasilmanta (Sacol Island),PH097332058,5.3645
530,Region IX,PH090000000,Zamboanga del Sur,PH097300000,Zamboanga City,PH097332000,Lunzuran,PH097332045,3.8441
531,Region IX,PH090000000,Zamboanga del Sur,PH097300000,Zamboanga City,PH097332000,Mampang,PH097332048,7.8672
532,Region IX,PH090000000,Zamboanga del Sur,PH097300000,Zamboanga City,PH097332000,Labuan,PH097332033,14.8642
533,Region IX,PH090000000,Zamboanga del Sur,PH097300000,Zamboanga City,PH097332000,Cabatangan,PH097332016,5.7977
534,Region IX,PH090000000,Zamboanga del Sur,PH097300000,Zamboanga City,PH097332000,Barangay Zone III (Pob.),PH097332063,0.5534
535,Region IX,PH090000000,Zamboanga del Sur,PH097300000,Zamboanga City,PH097332000,Divisoria,PH097332026,3.9339
536,Region IX,PH090000000,Zamboanga del Sur,PH097300000,Zamboanga City,PH097332000,Salaan,PH097332069,19.4121
537,Region IX,PH090000000,Zamboanga del Sur,PH097300000,Zamboanga City,PH097332000,Pasonanca,PH097332059,12.254
538,Region IX,PH090000000,Zamboanga del Sur,PH097300000,Zamboanga City,PH097332000,Tolosa,PH097332091,36.7884
539,Region X,PH100000000,Misamis Oriental,PH104300000,Cagayan de Oro City,PH104305000,Barangay 32 (Pob.),PH104305026,0.0797
540,Region X,PH100000000,Misamis Oriental,PH104300000,Cagayan de Oro City,PH104305000,Barangay 2 (Pob.),PH104305016,0.0359
541,Region X,PH100000000,Misamis Oriental,PH104300000,Cagayan de Oro City,PH104305000,Camaman-an,PH104305042,3.2117
542,Region X,PH100000000,Misamis Oriental,PH104300000,Cagayan de Oro City,PH104305000,Bugo,PH104305041,11.2439
543,Region X,PH100000000,Misamis Oriental,PH104300000,Cagayan de Oro City,PH104305000,Tumpagon,PH104305072,28.479
544,Region X,PH100000000,Misamis Oriental,PH104300000,Cagayan de Oro City,PH104305000,F. S. Catanico,PH104305048,15.8583
545,Region X,PH100000000,Misamis Oriental,PH104300000,Cagayan de Oro City,PH104305000,Barangay 18 (Pob.),PH104305014,0.0474
546,Region X,PH100000000,Misamis Oriental,PH104300000,Cagayan de Oro City,PH104305000,Cugman,PH104305046,16.0025
547,Region X,PH100000000,Misamis Oriental,PH104300000,Cagayan de Oro City,PH104305000,Consolacion,PH104305045,0.506
548,Region X,PH100000000,Misamis Oriental,PH104300000,Cagayan de Oro City,PH104305000,Indahag,PH104305050,18.8479
549,Region X,PH100000000,Misamis Oriental,PH104300000,Cagayan de Oro City,PH104305000,Barangay 34 (Pob.),PH104305028,0.0302
550,Region X,PH100000000,Misamis Oriental,PH104300000,Cagayan de Oro City,PH104305000,Barangay 19 (Pob.),PH104305015,0.0249
551,Region XI,PH110000000,Davao del Sur,PH112400000,Davao City,PH112402000,Bago Gallera,PH112402005,6.5934
552,Region XI,PH110000000,Davao del Sur,PH112400000,Davao City,PH112402000,Datu Salumay,PH112402180,20.1263
553,Region XI,PH110000000,Davao del Sur,PH112400000,Davao City,PH112402000,Baguio (Pob.),PH112402007,8.5557
554,Region XI,PH110000000,Davao del Sur,PH112400000,Davao City,PH112402000,Sirawan,PH112402104,9.0399
555,Region XI,PH110000000,Davao del Sur,PH112400000,Davao City,PH112402000,Tagakpan,PH112402112,7.0766
556,Region XI,PH110000000,Davao del Sur,PH112400000,Davao City,PH112402000,Gov. Vicente Duterte,PH112402182,0.3148
557,Region XI,PH110000000,Davao del Sur,PH112400000,Davao City,PH112402000,Tagluno,PH112402113,5.6283
558,Region XI,PH110000000,Davao del Sur,PH112400000,Davao City,PH112402000,Callawa,PH112402027,14.0751
559,Region XI,PH110000000,Davao del Sur,PH112400000,Davao City,PH112402000,Barangay 22-C (Pob.),PH112402155,0.0977
560,Region XI,PH110000000,Davao del Sur,PH112400000,Davao City,PH112402000,Barangay 14-B (Pob.),PH112402147,0.178
561,Region XI,PH110000000,Davao del Sur,PH112400000,Davao City,PH112402000,"Leon Garcia, Sr.",PH112402187,0.1943
562,Region XI,PH110000000,Davao del Sur,PH112400000,Davao City,PH112402000,Bantol,PH112402177,19.2171
563,Region XI,PH110000000,Davao del Sur,PH112400000,Davao City,PH112402000,Barangay 19-B (Pob.),PH112402152,3.0547
564,Region XI,PH110000000,Davao del Sur,PH112400000,Davao City,PH112402000,Tungakalan,PH112402128,17.2716
565,Region XI,PH110000000,Davao del Sur,PH112400000,Davao City,PH112402000,Wangan,PH112402131,12.4754
566,Region XI,PH110000000,Davao del Sur,PH112400000,Davao City,PH112402000,Barangay 1-A (Pob.),PH112402134,0.1531
567,Region XI,PH110000000,Davao del Sur,PH112400000,Davao City,PH112402000,Dacudao,PH112402037,13.076
568,Region XI,PH110000000,Davao del Sur,PH112400000,Davao City,PH112402000,Alejandra Navarro (Lasang),PH112402056,7.0263
569,Region XI,PH110000000,Davao del Sur,PH112400000,Davao City,PH112402000,Matina Biao,PH112402078,10.8305
570,Region XI,PH110000000,Davao del Sur,PH112400000,Davao City,PH112402000,Mapula,PH112402071,73.5327
571,Region XI,PH110000000,Davao del Sur,PH112400000,Davao City,PH112402000,Ubalde,PH112402194,0.0913
572,Region XI,PH110000000,Davao del Sur,PH112400000,Davao City,PH112402000,Barangay 3-A (Pob.),PH112402136,0.2016
573,Region XI,PH110000000,Davao del Sur,PH112400000,Davao City,PH112402000,Barangay 13-B (Pob.),PH112402146,0.1297
574,Region XI,PH110000000,Davao del Sur,PH112400000,Davao City,PH112402000,New Valencia,PH112402083,8.8189
575,Region XI,PH110000000,Davao del Sur,PH112400000,Davao City,PH112402000,Colosas,PH112402034,106.596
576,Region XI,PH110000000,Davao del Sur,PH112400000,Davao City,PH112402000,Waan,PH112402195,5.6115
577,Region XI,PH110000000,Davao del Sur,PH112400000,Davao City,PH112402000,Tamayong,PH112402118,19.6589
578,Region XI,PH110000000,Davao del Sur,PH112400000,Davao City,PH112402000,Barangay 25-C (Pob.),PH112402158,0.0521
579,National Capital Region,PH130000000,"NCR, Second District",PH137400000,City of Mandaluyong,PH137401000,Barangka Itaas,PH137401006,0.1781
580,National Capital Region,PH130000000,"NCR, Second District",PH137400000,City of Mandaluyong,PH137401000,Bagong Silang,PH137401002,0.1393
581,National Capital Region,PH130000000,"NCR, Second District",PH137400000,City of Mandaluyong,PH137401000,Hagdang Bato Itaas,PH137401010,0.173
582,National Capital Region,PH130000000,"NCR, Second District",PH137400000,City of Mandaluyong,PH137401000,San Jose,PH137401025,0.0888
583,National Capital Region,PH130000000,"NCR, Third District",PH137500000,City of Navotas,PH137503000,Daanghari,PH137503005,0.3185
584,National Capital Region,PH130000000,"NCR, Third District",PH137500000,City of Navotas,PH137503000,Bangculasi,PH137503004,0.2393
585,National Capital Region,PH130000000,"NCR, Third District",PH137500000,City of Navotas,PH137503000,Tangos,PH137503013,0.3824
586,National Capital Region,PH130000000,"NCR, Fourth District",PH137600000,City of Muntinlupa,PH137603000,Buli,PH137603003,0.6598
587,National Capital Region,PH130000000,"NCR, Fourth District",PH137600000,City of Muntinlupa,PH137603000,Poblacion,PH137603005,6.559
588,National Capital Region,PH130000000,"NCR, Fourth District",PH137600000,City of Muntinlupa,PH137603000,Tunasan,PH137603008,8.4835
589,Region I,PH010000000,Pangasinan,PH015500000,Dagupan City,PH015518000,Tambac,PH015518030,1.5296
590,Region I,PH010000000,Pangasinan,PH015500000,Dagupan City,PH015518000,Mangin,PH015518020,1.2702
591,Region I,PH010000000,Pangasinan,PH015500000,Dagupan City,PH015518000,Mamalingling,PH015518019,1.9676
592,Region I,PH010000000,Pangasinan,PH015500000,Dagupan City,PH015518000,Pugaro Suit,PH015518027,1.1397
593,Region I,PH010000000,Pangasinan,PH015500000,Dagupan City,PH015518000,Bonuan Boquig,PH015518008,5.2041
594,Region I,PH010000000,Pangasinan,PH015500000,Dagupan City,PH015518000,Salisay,PH015518029,0.9571
595,Region III,PH030000000,Nueva Ecija,PH034900000,Palayan City,PH034919000,Mapait,PH034919007,6.4961
596,Region III,PH030000000,Nueva Ecija,PH034900000,Palayan City,PH034919000,Maligaya,PH034919005,8.4924
597,Region III,PH030000000,Nueva Ecija,PH034900000,Palayan City,PH034919000,Bagong Buhay,PH034919022,3.9056
598,Region V,PH050000000,Albay,PH050500000,Legazpi City,PH050506000,Bgy. 33 - PNR-Peñaranda St.-Iraya (Pob.),PH050506032,0.1554
599,Region V,PH050000000,Albay,PH050500000,Legazpi City,PH050506000,Bgy. 54 - Mabinit (Bgy. 59),PH050506058,3.291
600,Region V,PH050000000,Albay,PH050500000,Legazpi City,PH050506000,Bgy. 32 - San Roque (Bgy. 66),PH050506067,0.2474
601,Region V,PH050000000,Albay,PH050500000,Legazpi City,PH050506000,Bgy. 1 - Em's Barrio (Pob.),PH050506005,0.4291
602,Region V,PH050000000,Albay,PH050500000,Legazpi City,PH050506000,Bgy. 27 - Victory Village South (Pob.),PH050506024,0.0721
603,Region V,PH050000000,Albay,PH050500000,Legazpi City,PH050506000,Bgy. 7 - Baño (Pob.),PH050506041,0.0703
604,Region V,PH050000000,Albay,PH050500000,Legazpi City,PH050506000,Bgy. 57 - Dap-dap (Bgy. 69),PH050506052,0.2278
605,Region V,PH050000000,Albay,PH050500000,Legazpi City,PH050506000,Bgy. 36 - Kapantawan (Pob.),PH050506028,0.112
606,Region V,PH050000000,Albay,PH050500000,Legazpi City,PH050506000,Bgy. 42 - Rawis (Bgy. 65),PH050506064,1.5682
607,Region V,PH050000000,Albay,PH050500000,Legazpi City,PH050506000,Bgy. 65 - Imalnod (Bgy. 57),PH050506057,5.7123
608,Region V,PH050000000,Albay,PH050500000,Legazpi City,PH050506000,"Bgy. 17 - Rizal Street., Ilawod (Pob.)",PH050506013,0.3135
609,Region VI,PH060000000,Iloilo,PH063000000,Iloilo City,PH063022000,North Avanceña,PH063022008,0.0975
610,Region VI,PH060000000,Iloilo,PH063000000,Iloilo City,PH063022000,Calubihan,PH063022078,0.0345
611,Region VI,PH060000000,Iloilo,PH063000000,Iloilo City,PH063022000,Yulo-Arroyo,PH063022193,0.0373
612,Region VI,PH060000000,Iloilo,PH063000000,Iloilo City,PH063022000,Arguelles,PH063022006,0.1224
613,Region VI,PH060000000,Iloilo,PH063000000,Iloilo City,PH063022000,Banuyao,PH063022016,0.5619
614,Region VI,PH060000000,Iloilo,PH063000000,Iloilo City,PH063022000,Buntatala,PH063022026,1.5114
615,Region VI,PH060000000,Iloilo,PH063000000,Iloilo City,PH063022000,Seminario (Burgos Jalandoni),PH063022028,0.0489
616,Region VI,PH060000000,Iloilo,PH063000000,Iloilo City,PH063022000,Roxas Village,PH063022140,0.0382
617,Region VI,PH060000000,Iloilo,PH063000000,Iloilo City,PH063022000,Muelle Loney-Montes,PH063022113,0.0873
618,Region VI,PH060000000,Iloilo,PH063000000,Iloilo City,PH063022000,West Habog-habog,PH063022191,0.0667
619,Region VI,PH060000000,Iloilo,PH063000000,Iloilo City,PH063022000,Don Esteban-Lapuz,PH063022047,0.2527
620,Region VI,PH060000000,Iloilo,PH063000000,Iloilo City,PH063022000,Rima-Rizal,PH063022136,0.0141
621,Region VI,PH060000000,Iloilo,PH063000000,Iloilo City,PH063022000,Lopez Jaena Sur,PH063022096,0.2285
622,Region VI,PH060000000,Iloilo,PH063000000,Iloilo City,PH063022000,Legaspi dela Rama,PH063022089,0.1168
623,Region VI,PH060000000,Iloilo,PH063000000,Iloilo City,PH063022000,Macarthur,PH063022100,0.0442
624,Region VI,PH060000000,Iloilo,PH063000000,Iloilo City,PH063022000,Liberation,PH063022090,0.0489
625,Region VI,PH060000000,Iloilo,PH063000000,Iloilo City,PH063022000,Aguinaldo,PH063022003,0.0652
626,Region VI,PH060000000,Iloilo,PH063000000,Iloilo City,PH063022000,Zamora-Melliza,PH063022195,0.1539
627,Region VI,PH060000000,Iloilo,PH063000000,Iloilo City,PH063022000,Malipayon-Delgado,PH063022104,0.0245
628,Region VI,PH060000000,Iloilo,PH063000000,Iloilo City,PH063022000,Dungon B,PH063022051,0.5315
629,Region VI,PH060000000,Iloilo,PH063000000,Iloilo City,PH063022000,Habog-habog Salvacion,PH063022065,0.1306
630,Region VI,PH060000000,Iloilo,PH063000000,Iloilo City,PH063022000,PHHC Block 22 NHA,PH063022128,0.1994
631,Region VI,PH060000000,Iloilo,PH063000000,Iloilo City,PH063022000,Javellana,PH063022076,0.0294
632,Region VI,PH060000000,Iloilo,PH063000000,Iloilo City,PH063022000,Fajardo,PH063022056,0.0566
633,Region VI,PH060000000,Iloilo,PH063000000,Iloilo City,PH063022000,Bito-on,PH063022019,1.6052
634,Region VI,PH060000000,Iloilo,PH063000000,Iloilo City,PH063022000,Poblacion Molo,PH063022129,0.066
635,Region VI,PH060000000,Iloilo,PH063000000,Iloilo City,PH063022000,South San Jose,PH063022173,0.2666
636,Region VI,PH060000000,Iloilo,PH063000000,Iloilo City,PH063022000,Lapuz Norte,PH063022087,0.3448
637,Region VI,PH060000000,Iloilo,PH063000000,Iloilo City,PH063022000,Magdalo,PH063022101,0.1045
638,Region VI,PH060000000,Iloilo,PH063000000,Iloilo City,PH063022000,Lanit,PH063022086,2.4507
639,Region VI,PH060000000,Iloilo,PH063000000,Iloilo City,PH063022000,Dungon A,PH063022050,0.2111
640,Region VII,PH070000000,Cebu,PH072200000,Mandaue City,PH072230000,Mantuyong,PH072230018,0.1332
641,Region VII,PH070000000,Cebu,PH072200000,Mandaue City,PH072230000,Guizo,PH072230012,0.3919
642,Region VII,PH070000000,Cebu,PH072200000,Mandaue City,PH072230000,Canduman,PH072230007,1.8807
643,Region VII,PH070000000,Cebu,PH072200000,Mandaue City,PH072230000,Basak,PH072230004,0.7074
644,Region VII,PH070000000,Cebu,PH072200000,Mandaue City,PH072230000,Pagsabungan,PH072230021,1.4296
645,Region VII,PH070000000,Cebu,PH072200000,Mandaue City,PH072230000,Opao,PH072230019,1.0157
646,Region VII,PH070000000,Cebu,PH072200000,Mandaue City,PH072230000,Cabancalan,PH072230005,1.97
647,Region VIII,PH080000000,Leyte,PH083700000,Tacloban City,PH083747000,Barangay 74,PH083747105,2.0064
648,Region VIII,PH080000000,Leyte,PH083700000,Tacloban City,PH083747000,Nula-tula (Bgys. 3 & 3A),PH083747008,0.2783
649,Region VIII,PH080000000,Leyte,PH083700000,Tacloban City,PH083747000,Barangay 50-A,PH083747078,0.0112
650,Region VIII,PH080000000,Leyte,PH083700000,Tacloban City,PH083747000,Barangay 109-A,PH083747135,0.8527
651,Region VIII,PH080000000,Leyte,PH083700000,Tacloban City,PH083747000,Barangay 59-B,PH083747147,0.0615
652,Region VIII,PH080000000,Leyte,PH083700000,Tacloban City,PH083747000,Barangay 37-A,PH083747061,0.8425
653,Region VIII,PH080000000,Leyte,PH083700000,Tacloban City,PH083747000,Barangay 107 (Santa Elena),PH083747026,9.4276
654,Region VIII,PH080000000,Leyte,PH083700000,Tacloban City,PH083747000,Barangay 88,PH083747121,2.4135
655,Region VIII,PH080000000,Leyte,PH083700000,Tacloban City,PH083747000,Barangay 57,PH083747086,0.0204
656,Region VIII,PH080000000,Leyte,PH083700000,Tacloban City,PH083747000,Barangay 75,PH083747106,0.1482
657,Region VIII,PH080000000,Leyte,PH083700000,Tacloban City,PH083747000,Barangay 30,PH083747052,0.0116
658,Region VIII,PH080000000,Leyte,PH083700000,Tacloban City,PH083747000,Barangay 59-A,PH083747146,0.2022
659,Region VIII,PH080000000,Leyte,PH083700000,Tacloban City,PH083747000,Barangay 62,PH083747092,0.1022
660,Region VIII,PH080000000,Leyte,PH083700000,Tacloban City,PH083747000,Barangay 71,PH083747102,0.7392
661,Region VIII,PH080000000,Leyte,PH083700000,Tacloban City,PH083747000,Barangay 77,PH083747108,0.4995
662,Region VIII,PH080000000,Leyte,PH083700000,Tacloban City,PH083747000,Barangay 94-A,PH083747155,1.5958
663,Region VIII,PH080000000,Leyte,PH083700000,Tacloban City,PH083747000,Barangay 63,PH083747093,0.1855
664,Region VIII,PH080000000,Leyte,PH083700000,Tacloban City,PH083747000,Barangay 70,PH083747101,0.0165
665,Region VIII,PH080000000,Leyte,PH083700000,Tacloban City,PH083747000,Barangay 72,PH083747103,0.1114
666,Region IX,PH090000000,Zamboanga del Sur,PH097300000,Zamboanga City,PH097332000,San Roque,PH097332072,7.5416
667,Region IX,PH090000000,Zamboanga del Sur,PH097300000,Zamboanga City,PH097332000,Santa Barbara,PH097332074,3.116
668,Region IX,PH090000000,Zamboanga del Sur,PH097300000,Zamboanga City,PH097332000,Limpapa,PH097332041,15.144
669,Region IX,PH090000000,Zamboanga del Sur,PH097300000,Zamboanga City,PH097332000,Zambowood,PH097332104,4.5782
670,Region IX,PH090000000,Zamboanga del Sur,PH097300000,Zamboanga City,PH097332000,Rio Hondo,PH097332068,0.3583
671,Region IX,PH090000000,Zamboanga del Sur,PH097300000,Zamboanga City,PH097332000,Baluno,PH097332005,33.7212
672,Region IX,PH090000000,Zamboanga del Sur,PH097300000,Zamboanga City,PH097332000,Sinubung,PH097332079,13.805
673,Region IX,PH090000000,Zamboanga del Sur,PH097300000,Zamboanga City,PH097332000,Curuan,PH097332024,55.7735
674,Region IX,PH090000000,Zamboanga del Sur,PH097300000,Zamboanga City,PH097332000,Dita,PH097332025,12.2557
675,Region IX,PH090000000,Zamboanga del Sur,PH097300000,Zamboanga City,PH097332000,Santa Catalina,PH097332075,0.6873
676,Region IX,PH090000000,Zamboanga del Sur,PH097300000,Zamboanga City,PH097332000,Pasobolong,PH097332102,3.0327
677,Region IX,PH090000000,Zamboanga del Sur,PH097300000,Zamboanga City,PH097332000,Limaong,PH097332040,39.0708
678,Region IX,PH090000000,Zamboanga del Sur,PH097300000,Zamboanga City,PH097332000,Muti,PH097332054,18.0536
679,Region IX,PH090000000,Zamboanga del Sur,PH097300000,Zamboanga City,PH097332000,Santo Niño,PH097332077,0.2535
680,Region IX,PH090000000,Zamboanga del Sur,PH097300000,Zamboanga City,PH097332000,Lubigan,PH097332042,12.6001
681,Region IX,PH090000000,Zamboanga del Sur,PH097300000,Zamboanga City,PH097332000,Tumaga,PH097332094,2.9361
682,Region IX,PH090000000,Zamboanga del Sur,PH097300000,Zamboanga City,PH097332000,Landang Laum,PH097332036,16.0327
683,Region IX,PH090000000,Zamboanga del Sur,PH097300000,Zamboanga City,PH097332000,Quiniput,PH097332066,14.3939
684,Region X,PH100000000,Misamis Oriental,PH104300000,Cagayan de Oro City,PH104305000,Barangay 36 (Pob.),PH104305080,0.0571
685,Region X,PH100000000,Misamis Oriental,PH104300000,Cagayan de Oro City,PH104305000,Barangay 23 (Pob.),PH104305019,0.0807
686,Region X,PH100000000,Misamis Oriental,PH104300000,Cagayan de Oro City,PH104305000,Gusa,PH104305049,4.5641
687,Region X,PH100000000,Misamis Oriental,PH104300000,Cagayan de Oro City,PH104305000,Barangay 12 (Pob.),PH104305008,0.0242
688,Region X,PH100000000,Misamis Oriental,PH104300000,Cagayan de Oro City,PH104305000,Barangay 33 (Pob.),PH104305027,0.0574
689,Region X,PH100000000,Misamis Oriental,PH104300000,Cagayan de Oro City,PH104305000,Barangay 39 (Pob.),PH104305030,0.0234
690,Region X,PH100000000,Misamis Oriental,PH104300000,Cagayan de Oro City,PH104305000,Barangay 26 (Pob.),PH104305021,0.0931
691,Region X,PH100000000,Misamis Oriental,PH104300000,Cagayan de Oro City,PH104305000,Barangay 22 (Pob.),PH104305018,0.1783
692,Region X,PH100000000,Misamis Oriental,PH104300000,Cagayan de Oro City,PH104305000,Carmen,PH104305044,7.8835
693,Region X,PH100000000,Misamis Oriental,PH104300000,Cagayan de Oro City,PH104305000,Barangay 17 (Pob.),PH104305013,0.0955
694,Region XI,PH110000000,Davao del Sur,PH112400000,Davao City,PH112402000,Magsaysay,PH112402188,41.4993
695,Region XI,PH110000000,Davao del Sur,PH112400000,Davao City,PH112402000,Saloy,PH112402191,21.949
696,Region XI,PH110000000,Davao del Sur,PH112400000,Davao City,PH112402000,Malabog,PH112402065,86.4677
697,Region XI,PH110000000,Davao del Sur,PH112400000,Davao City,PH112402000,Gumitan,PH112402183,55.7957
698,Region XI,PH110000000,Davao del Sur,PH112400000,Davao City,PH112402000,Calinan (Pob.),PH112402026,9.0483
699,Region XI,PH110000000,Davao del Sur,PH112400000,Davao City,PH112402000,Mabuhay,PH112402062,12.5102
700,Region XI,PH110000000,Davao del Sur,PH112400000,Davao City,PH112402000,Catalunan Pequeño,PH112402031,5.8022
701,Region XI,PH110000000,Davao del Sur,PH112400000,Davao City,PH112402000,Biao Guianga,PH112402017,5.8069
702,Region XI,PH110000000,Davao del Sur,PH112400000,Davao City,PH112402000,Barangay 24-C (Pob.),PH112402157,0.0799
703,Region XI,PH110000000,Davao del Sur,PH112400000,Davao City,PH112402000,Barangay 28-C (Pob.),PH112402161,0.1525
704,Region XI,PH110000000,Davao del Sur,PH112400000,Davao City,PH112402000,Tapak,PH112402121,117.1487
705,Region XI,PH110000000,Davao del Sur,PH112400000,Davao City,PH112402000,Ma-a,PH112402061,10.8594
706,Region XI,PH110000000,Davao del Sur,PH112400000,Davao City,PH112402000,Lampianao,PH112402054,9.3673
707,Region XI,PH110000000,Davao del Sur,PH112400000,Davao City,PH112402000,New Carmen,PH112402082,11.1305
708,Region XI,PH110000000,Davao del Sur,PH112400000,Davao City,PH112402000,Tigatto,PH112402125,7.7856
709,Region XI,PH110000000,Davao del Sur,PH112400000,Davao City,PH112402000,Bucana,PH112402020,4.5405
710,Region XI,PH110000000,Davao del Sur,PH112400000,Davao City,PH112402000,Barangay 23-C (Pob.),PH112402156,0.1992
711,Region XI,PH110000000,Davao del Sur,PH112400000,Davao City,PH112402000,Lubogan,PH112402059,2.2291
712,Region XI,PH110000000,Davao del Sur,PH112400000,Davao City,PH112402000,Baganihan,PH112402175,19.1256
713,Region XI,PH110000000,Davao del Sur,PH112400000,Davao City,PH112402000,Eden,PH112402044,8.0721
714,Region XI,PH110000000,Davao del Sur,PH112400000,Davao City,PH112402000,Lacson,PH112402052,10.0451
715,Region XI,PH110000000,Davao del Sur,PH112400000,Davao City,PH112402000,Barangay 35-D (Pob.),PH112402168,0.0747
716,Region XI,PH110000000,Davao del Sur,PH112400000,Davao City,PH112402000,Carmen,PH112402029,7.8821
717,Region XI,PH110000000,Davao del Sur,PH112400000,Davao City,PH112402000,Buhangin (Pob.),PH112402021,5.5145
718,Region XI,PH110000000,Davao del Sur,PH112400000,Davao City,PH112402000,Barangay 38-D (Pob.),PH112402171,0.1178
719,Region XI,PH110000000,Davao del Sur,PH112400000,Davao City,PH112402000,Sasa,PH112402101,7.4529
720,Region XI,PH110000000,Davao del Sur,PH112400000,Davao City,PH112402000,Alambre,PH112402003,3.2491
721,Region XI,PH110000000,Davao del Sur,PH112400000,Davao City,PH112402000,Tibuloy,PH112402123,8.0523
722,National Capital Region,PH130000000,"NCR, Second District",PH137400000,City of Mandaluyong,PH137401000,Hulo,PH137401014,0.3741
723,National Capital Region,PH130000000,"NCR, Second District",PH137400000,City of Mandaluyong,PH137401000,Burol,PH137401007,0.0205
724,National Capital Region,PH130000000,"NCR, Second District",PH137400000,City of Mandaluyong,PH137401000,Old Zañiga,PH137401020,0.2461
725,National Capital Region,PH130000000,"NCR, Second District",PH137400000,City of Mandaluyong,PH137401000,Mabini-J. Rizal,PH137401015,0.1997
726,National Capital Region,PH130000000,"NCR, Second District",PH137400000,City of Mandaluyong,PH137401000,Poblacion,PH137401024,0.2261
727,National Capital Region,PH130000000,"NCR, Third District",PH137500000,City of Navotas,PH137503000,Bagumbayan South,PH137503003,0.0717
728,National Capital Region,PH130000000,"NCR, Third District",PH137500000,City of Navotas,PH137503000,Navotas East,PH137503006,0.0662
729,National Capital Region,PH130000000,"NCR, Third District",PH137500000,City of Navotas,PH137503000,"North Bay Blvd., South",PH137503009,1.6533
730,Region I,PH010000000,Pangasinan,PH015500000,Dagupan City,PH015518000,Lasip Chico,PH015518014,0.2617
731,Region I,PH010000000,Pangasinan,PH015500000,Dagupan City,PH015518000,Herrero,PH015518013,0.2376
732,Region I,PH010000000,Pangasinan,PH015500000,Dagupan City,PH015518000,Lasip Grande,PH015518015,0.3925
733,Region I,PH010000000,Pangasinan,PH015500000,Dagupan City,PH015518000,Bacayao Sur,PH015518002,0.5833
734,Region I,PH010000000,Pangasinan,PH015500000,Dagupan City,PH015518000,Mayombo,PH015518021,1.2889
735,Region I,PH010000000,Pangasinan,PH015500000,Dagupan City,PH015518000,Bacayao Norte,PH015518001,0.6558
736,Region I,PH010000000,Pangasinan,PH015500000,Dagupan City,PH015518000,Malued,PH015518018,1.138
737,Region I,PH010000000,Pangasinan,PH015500000,Dagupan City,PH015518000,Lucao,PH015518017,3.7194
738,Region III,PH030000000,Nueva Ecija,PH034900000,Palayan City,PH034919000,Singalat,PH034919012,5.7928
739,Region III,PH030000000,Nueva Ecija,PH034900000,Palayan City,PH034919000,Marcos Village,PH034919008,4.9021
740,Region V,PH050000000,Albay,PH050500000,Legazpi City,PH050506000,Bgy. 61 - Maslog (Bgy. 58),PH050506060,6.3433
741,Region V,PH050000000,Albay,PH050500000,Legazpi City,PH050506000,Bgy. 12 - Tula-tula (Pob.),PH050506008,0.1202
742,Region V,PH050000000,Albay,PH050500000,Legazpi City,PH050506000,Bgy. 56 - Taysan (Bgy. 68),PH050506070,9.3534
743,Region V,PH050000000,Albay,PH050500000,Legazpi City,PH050506000,Bgy. 6 - Bañadero Pob. (Sagpon 3),PH050506040,0.3742
744,Region V,PH050000000,Albay,PH050500000,Legazpi City,PH050506000,Bgy. 53 - Bonga (Bgy. 48),PH050506047,3.98
745,Region V,PH050000000,Albay,PH050500000,Legazpi City,PH050506000,Bgy. 59 - Puro (Bgy. 63),PH050506063,2.3472
746,Region V,PH050000000,Albay,PH050500000,Legazpi City,PH050506000,Bgy. 30 - Pigcale (Pob.),PH050506029,0.0396
747,Region V,PH050000000,Albay,PH050500000,Legazpi City,PH050506000,Bgy. 35 - Tinago (Pob.),PH050506034,0.0272
748,Region V,PH050000000,Albay,PH050500000,Legazpi City,PH050506000,Bgy. 58 - Buragwis,PH050506074,0.7387
749,Region V,PH050000000,Albay,PH050500000,Legazpi City,PH050506000,Bgy. 55 - Estanza (Bgy. 53),PH050506054,4.6321
750,Region VI,PH060000000,Iloilo,PH063000000,Iloilo City,PH063022000,San Jose (City Proper),PH063022200,0.0304
751,Region VI,PH060000000,Iloilo,PH063000000,Iloilo City,PH063022000,Quintin Salas,PH063022135,0.8159
752,Region VI,PH060000000,Iloilo,PH063000000,Iloilo City,PH063022000,Baybay Tanza,PH063022017,0.2543
753,Region VI,PH060000000,Iloilo,PH063000000,Iloilo City,PH063022000,Oñate de Leon,PH063022120,0.5055
754,Region VI,PH060000000,Iloilo,PH063000000,Iloilo City,PH063022000,Arsenal Aduana,PH063022007,0.0773
755,Region VI,PH060000000,Iloilo,PH063000000,Iloilo City,PH063022000,West Timawa,PH063022192,0.1052
756,Region VI,PH060000000,Iloilo,PH063000000,Iloilo City,PH063022000,Dungon,PH063022049,0.9518
757,Region VI,PH060000000,Iloilo,PH063000000,Iloilo City,PH063022000,Calaparan,PH063022031,0.3253
758,Region VI,PH060000000,Iloilo,PH063000000,Iloilo City,PH063022000,Maria Clara,PH063022107,0.0596
759,Region VI,PH060000000,Iloilo,PH063000000,Iloilo City,PH063022000,Democracia,PH063022044,0.0722
760,Region VI,PH060000000,Iloilo,PH063000000,Iloilo City,PH063022000,Hibao-an Sur,PH063022067,2.1605
761,Region VI,PH060000000,Iloilo,PH063000000,Iloilo City,PH063022000,Ingore,PH063022072,2.832
762,Region VI,PH060000000,Iloilo,PH063000000,Iloilo City,PH063022000,Inday,PH063022070,0.1466
763,Region VI,PH060000000,Iloilo,PH063000000,Iloilo City,PH063022000,Luna (La Paz),PH063022198,0.1097
764,Region VI,PH060000000,Iloilo,PH063000000,Iloilo City,PH063022000,Punong-Lapuz,PH063022133,0.0521
765,Region VI,PH060000000,Iloilo,PH063000000,Iloilo City,PH063022000,Magsaysay Village,PH063022103,0.2994
766,Region VI,PH060000000,Iloilo,PH063000000,Iloilo City,PH063022000,Airport (Tabucan Airport),PH063022004,1.0117
767,Region VI,PH060000000,Iloilo,PH063000000,Iloilo City,PH063022000,Compania,PH063022036,0.2227
768,Region VI,PH060000000,Iloilo,PH063000000,Iloilo City,PH063022000,San Vicente,PH063022163,0.1289
769,Region VI,PH060000000,Iloilo,PH063000000,Iloilo City,PH063022000,Bakhaw,PH063022009,0.2456
770,Region VI,PH060000000,Iloilo,PH063000000,Iloilo City,PH063022000,Santo Domingo,PH063022166,0.4078
771,Region VI,PH060000000,Iloilo,PH063000000,Iloilo City,PH063022000,San Isidro (Jaro),PH063022151,1.5071
772,Region VI,PH060000000,Iloilo,PH063000000,Iloilo City,PH063022000,Divinagracia,PH063022046,0.0896
773,Region VI,PH060000000,Iloilo,PH063000000,Iloilo City,PH063022000,General Hughes-Montes,PH063022061,0.0908
774,Region VI,PH060000000,Iloilo,PH063000000,Iloilo City,PH063022000,Sampaguita,PH063022146,0.1348
775,Region VI,PH060000000,Iloilo,PH063000000,Iloilo City,PH063022000,Timawa Tanza I,PH063022185,0.0181
776,Region VI,PH060000000,Iloilo,PH063000000,Iloilo City,PH063022000,Rizal (La Paz),PH063022202,0.0778
777,Region VI,PH060000000,Iloilo,PH063000000,Iloilo City,PH063022000,Lapuz Sur,PH063022088,0.1232
778,Region VI,PH060000000,Iloilo,PH063000000,Iloilo City,PH063022000,Flores,PH063022057,0.0383
779,Region VI,PH060000000,Iloilo,PH063000000,Iloilo City,PH063022000,Delgado-Jalandoni-Bagumbayan,PH063022075,0.0235
780,Region VII,PH070000000,Cebu,PH072200000,Mandaue City,PH072230000,Centro (Pob.),PH072230010,0.3173
781,Region VII,PH070000000,Cebu,PH072200000,Mandaue City,PH072230000,Pakna-an,PH072230020,2.281
782,Region VII,PH070000000,Cebu,PH072200000,Mandaue City,PH072230000,Maguikay,PH072230017,1.2162
783,Region VII,PH070000000,Cebu,PH072200000,Mandaue City,PH072230000,Bakilid,PH072230002,0.405
784,Region VII,PH070000000,Cebu,PH072200000,Mandaue City,PH072230000,Labogon,PH072230015,1.4291
785,Region VII,PH070000000,Cebu,PH072200000,Mandaue City,PH072230000,Looc,PH072230016,0.9242
786,Region VIII,PH080000000,Leyte,PH083700000,Tacloban City,PH083747000,Barangay 35-A,PH083747058,0.0113
787,Region VIII,PH080000000,Leyte,PH083700000,Tacloban City,PH083747000,Barangay 60,PH083747089,0.0395
788,Region VIII,PH080000000,Leyte,PH083700000,Tacloban City,PH083747000,Barangay 2,PH083747006,0.1341
789,Region VIII,PH080000000,Leyte,PH083700000,Tacloban City,PH083747000,Barangay 23-A,PH083747154,0.0164
790,Region VIII,PH080000000,Leyte,PH083700000,Tacloban City,PH083747000,Barangay 51,PH083747080,0.0064
791,Region VIII,PH080000000,Leyte,PH083700000,Tacloban City,PH083747000,Barangay 25,PH083747047,0.1932
792,Region VIII,PH080000000,Leyte,PH083700000,Tacloban City,PH083747000,Barangay 56-A,PH083747145,0.0723
793,Region VIII,PH080000000,Leyte,PH083700000,Tacloban City,PH083747000,Barangay 51-A,PH083747142,0.0167
794,Region VIII,PH080000000,Leyte,PH083700000,Tacloban City,PH083747000,Barangay 44,PH083747070,0.0379
795,Region VIII,PH080000000,Leyte,PH083700000,Tacloban City,PH083747000,Barangay 102 (Old Kawayan),PH083747020,1.1466
796,Region VIII,PH080000000,Leyte,PH083700000,Tacloban City,PH083747000,Barangay 8-A,PH083747153,0.0138
797,Region VIII,PH080000000,Leyte,PH083700000,Tacloban City,PH083747000,Barangay 106 (Santo Niño),PH083747025,9.2934
798,Region VIII,PH080000000,Leyte,PH083700000,Tacloban City,PH083747000,Barangay 109 (V & G Subd.),PH083747134,0.6178
799,Region VIII,PH080000000,Leyte,PH083700000,Tacloban City,PH083747000,Barangay 61,PH083747091,0.0627
800,Region VIII,PH080000000,Leyte,PH083700000,Tacloban City,PH083747000,Barangay 15,PH083747036,0.02
801,Region VIII,PH080000000,Leyte,PH083700000,Tacloban City,PH083747000,Barangay 59,PH083747088,0.2299
802,Region VIII,PH080000000,Leyte,PH083700000,Tacloban City,PH083747000,Barangay 54,PH083747083,0.0791
803,Region VIII,PH080000000,Leyte,PH083700000,Tacloban City,PH083747000,Barangay 43-B,PH083747069,0.2605
804,Region VIII,PH080000000,Leyte,PH083700000,Tacloban City,PH083747000,Barangay 48-B,PH083747141,0.011
805,Region VIII,PH080000000,Leyte,PH083700000,Tacloban City,PH083747000,Barangay 62-A,PH083747148,0.2058
806,Region VIII,PH080000000,Leyte,PH083700000,Tacloban City,PH083747000,Barangay 83-A (San Jose),PH083747116,0.1495
807,Region VIII,PH080000000,Leyte,PH083700000,Tacloban City,PH083747000,Barangay 37,PH083747060,0.0789
808,Region VIII,PH080000000,Leyte,PH083700000,Tacloban City,PH083747000,Barangay 27,PH083747049,0.0309
809,Region VIII,PH080000000,Leyte,PH083700000,Tacloban City,PH083747000,Barangay 96 (Calanipawan),PH083747130,0.586
810,Region VIII,PH080000000,Leyte,PH083700000,Tacloban City,PH083747000,Barangay 54-A,PH083747143,0.0247
811,Region VIII,PH080000000,Leyte,PH083700000,Tacloban City,PH083747000,Barangay 7,PH083747014,0.0162
812,Region IX,PH090000000,Zamboanga del Sur,PH097300000,Zamboanga City,PH097332000,Buenavista,PH097332012,17.3085
813,Region IX,PH090000000,Zamboanga del Sur,PH097300000,Zamboanga City,PH097332000,Putik,PH097332065,3.2499
814,Region IX,PH090000000,Zamboanga del Sur,PH097300000,Zamboanga City,PH097332000,Tictapul,PH097332088,35.0517
815,Region IX,PH090000000,Zamboanga del Sur,PH097300000,Zamboanga City,PH097332000,Cabaluay,PH097332015,11.9972
816,Region IX,PH090000000,Zamboanga del Sur,PH097300000,Zamboanga City,PH097332000,Bunguiao,PH097332013,64.9166
817,Region IX,PH090000000,Zamboanga del Sur,PH097300000,Zamboanga City,PH097332000,Pamucutan,PH097332055,14.5026
818,Region IX,PH090000000,Zamboanga del Sur,PH097300000,Zamboanga City,PH097332000,Calabasa,PH097332018,30.8352
819,Region IX,PH090000000,Zamboanga del Sur,PH097300000,Zamboanga City,PH097332000,Bolong,PH097332011,18.379
820,Region IX,PH090000000,Zamboanga del Sur,PH097300000,Zamboanga City,PH097332000,Taguiti,PH097332082,7.8974
821,Region IX,PH090000000,Zamboanga del Sur,PH097300000,Zamboanga City,PH097332000,Taluksangay,PH097332086,1.518
822,Region IX,PH090000000,Zamboanga del Sur,PH097300000,Zamboanga City,PH097332000,Busay (Sacol Island),PH097332014,2.3715
823,Region IX,PH090000000,Zamboanga del Sur,PH097300000,Zamboanga City,PH097332000,Sibulao (Caruan),PH097332078,43.5585
824,Region IX,PH090000000,Zamboanga del Sur,PH097300000,Zamboanga City,PH097332000,Manalipa,PH097332049,3.6129
825,Region IX,PH090000000,Zamboanga del Sur,PH097300000,Zamboanga City,PH097332000,Guisao,PH097332030,4.0623
826,Region IX,PH090000000,Zamboanga del Sur,PH097300000,Zamboanga City,PH097332000,Panubigan,PH097332057,5.1799
827,Region IX,PH090000000,Zamboanga del Sur,PH097300000,Zamboanga City,PH097332000,Cawit,PH097332022,3.3696
828,Region IX,PH090000000,Zamboanga del Sur,PH097300000,Zamboanga City,PH097332000,Tagasilay,PH097332081,17.8318
829,Region IX,PH090000000,Zamboanga del Sur,PH097300000,Zamboanga City,PH097332000,Victoria,PH097332103,10.1352
830,Region X,PH100000000,Misamis Oriental,PH104300000,Cagayan de Oro City,PH104305000,Bayabas,PH104305037,1.9973
831,Region X,PH100000000,Misamis Oriental,PH104300000,Cagayan de Oro City,PH104305000,Barangay 6 (Pob.),PH104305033,0.0378
832,Region X,PH100000000,Misamis Oriental,PH104300000,Cagayan de Oro City,PH104305000,Barangay 16 (Pob.),PH104305012,0.0248
833,Region X,PH100000000,Misamis Oriental,PH104300000,Cagayan de Oro City,PH104305000,Bulua,PH104305003,6.5878
834,Region X,PH100000000,Misamis Oriental,PH104300000,Cagayan de Oro City,PH104305000,Puntod,PH104305064,1.3999
835,Region X,PH100000000,Misamis Oriental,PH104300000,Cagayan de Oro City,PH104305000,Pigsag-an,PH104305062,26.0178
836,Region X,PH100000000,Misamis Oriental,PH104300000,Cagayan de Oro City,PH104305000,Mambuaya,PH104305057,6.8276
837,Region X,PH100000000,Misamis Oriental,PH104300000,Cagayan de Oro City,PH104305000,Tablon,PH104305067,22.0802
838,Region X,PH100000000,Misamis Oriental,PH104300000,Cagayan de Oro City,PH104305000,Barangay 5 (Pob.),PH104305036,0.0264
839,Region X,PH100000000,Misamis Oriental,PH104300000,Cagayan de Oro City,PH104305000,Barangay 14 (Pob.),PH104305010,0.045
840,Region X,PH100000000,Misamis Oriental,PH104300000,Cagayan de Oro City,PH104305000,Barangay 11 (Pob.),PH104305007,0.033
841,Region X,PH100000000,Misamis Oriental,PH104300000,Cagayan de Oro City,PH104305000,Nazareth,PH104305058,0.697
842,Region X,PH100000000,Misamis Oriental,PH104300000,Cagayan de Oro City,PH104305000,Puerto,PH104305063,9.1225
843,Region X,PH100000000,Misamis Oriental,PH104300000,Cagayan de Oro City,PH104305000,Barangay 13 (Pob.),PH104305009,0.1013
844,Region X,PH100000000,Misamis Oriental,PH104300000,Cagayan de Oro City,PH104305000,Bayanga,PH104305038,25.1595
845,Region X,PH100000000,Misamis Oriental,PH104300000,Cagayan de Oro City,PH104305000,Kauswagan,PH104305052,4.9273
846,Region X,PH100000000,Misamis Oriental,PH104300000,Cagayan de Oro City,PH104305000,Macasandig,PH104305056,6.2076
847,Region XI,PH110000000,Davao del Sur,PH112400000,Davao City,PH112402000,Pampanga,PH112402086,1.1878
848,Region XI,PH110000000,Davao del Sur,PH112400000,Davao City,PH112402000,Fatima (Benowang),PH112402045,27.3082
849,Region XI,PH110000000,Davao del Sur,PH112400000,Davao City,PH112402000,Malagos,PH112402066,10.0782
850,Region XI,PH110000000,Davao del Sur,PH112400000,Davao City,PH112402000,Mudiang,PH112402080,5.2808
851,Region XI,PH110000000,Davao del Sur,PH112400000,Davao City,PH112402000,Lizada,PH112402057,4.5226
852,Region XI,PH110000000,Davao del Sur,PH112400000,Davao City,PH112402000,Dominga,PH112402042,8.4317
853,Region XI,PH110000000,Davao del Sur,PH112400000,Davao City,PH112402000,Barangay 21-C (Pob.),PH112402154,0.0916
854,Region XI,PH110000000,Davao del Sur,PH112400000,Davao City,PH112402000,Agdao,PH112402002,0.3607
855,Region XI,PH110000000,Davao del Sur,PH112400000,Davao City,PH112402000,Barangay 17-B (Pob.),PH112402150,0.0552
856,Region XI,PH110000000,Davao del Sur,PH112400000,Davao City,PH112402000,Barangay 18-B (Pob.),PH112402151,0.1993
857,Region XI,PH110000000,Davao del Sur,PH112400000,Davao City,PH112402000,Bangkas Heights,PH112402012,2.5008
858,Region XI,PH110000000,Davao del Sur,PH112400000,Davao City,PH112402000,Inayangan,PH112402184,17.9957
859,Region XI,PH110000000,Davao del Sur,PH112400000,Davao City,PH112402000,Salaysay,PH112402099,45.637
860,Region XI,PH110000000,Davao del Sur,PH112400000,Davao City,PH112402000,Tugbok (Pob.),PH112402127,10.152
861,Region XI,PH110000000,Davao del Sur,PH112400000,Davao City,PH112402000,Matina Aplaya,PH112402074,3.2361
862,Region XI,PH110000000,Davao del Sur,PH112400000,Davao City,PH112402000,"Kap. Tomas Monteverde, Sr.",PH112402185,0.2028
863,Region XI,PH110000000,Davao del Sur,PH112400000,Davao City,PH112402000,Talomo River,PH112402117,8.8197
864,Region XI,PH110000000,Davao del Sur,PH112400000,Davao City,PH112402000,Bato,PH112402014,9.8339
865,Region XI,PH110000000,Davao del Sur,PH112400000,Davao City,PH112402000,Tagurano,PH112402114,5.8354
866,Region XI,PH110000000,Davao del Sur,PH112400000,Davao City,PH112402000,Barangay 12-B (Pob.),PH112402145,0.1629
867,Region XI,PH110000000,Davao del Sur,PH112400000,Davao City,PH112402000,Panacan,PH112402087,10.1275
868,Region XI,PH110000000,Davao del Sur,PH112400000,Davao City,PH112402000,Barangay 20-B (Pob.),PH112402153,0.5784
869,Region XI,PH110000000,Davao del Sur,PH112400000,Davao City,PH112402000,Matina Crossing,PH112402075,4.9953
870,Region XI,PH110000000,Davao del Sur,PH112400000,Davao City,PH112402000,Bago Oshiro,PH112402006,8.3358
871,Region XI,PH110000000,Davao del Sur,PH112400000,Davao City,PH112402000,Alfonso Angliongto Sr.,PH112402197,2.4756
872,Region XI,PH110000000,Davao del Sur,PH112400000,Davao City,PH112402000,Barangay 37-D (Pob.),PH112402170,0.1219
873,National Capital Region,PH130000000,"NCR, Second District",PH137400000,City of Mandaluyong,PH137401000,New Zañiga,PH137401019,0.2249
874,National Capital Region,PH130000000,"NCR, Second District",PH137400000,City of Mandaluyong,PH137401000,Namayan,PH137401018,0.3856
875,National Capital Region,PH130000000,"NCR, Second District",PH137400000,City of Mandaluyong,PH137401000,Plainview,PH137401022,1.0839
876,National Capital Region,PH130000000,"NCR, Third District",PH137500000,City of Navotas,PH137503000,Navotas West,PH137503007,0.0581
877,National Capital Region,PH130000000,"NCR, Third District",PH137500000,City of Navotas,PH137503000,Tanza,PH137503014,5.7566
878,National Capital Region,PH130000000,"NCR, Third District",PH137500000,City of Navotas,PH137503000,"North Bay Blvd., North",PH137503008,0.2661
